-- phpMyAdmin SQL Dump
-- version 5.2.1
-- https://www.phpmyadmin.net/
--
-- Servidor: 127.0.0.1
-- Tiempo de generación: 28-11-2023 a las 20:28:24
-- Versión del servidor: 10.4.28-MariaDB
-- Versión de PHP: 8.1.17

SET SQL_MODE = "NO_AUTO_VALUE_ON_ZERO";
START TRANSACTION;
SET time_zone = "+00:00";


/*!40101 SET @OLD_CHARACTER_SET_CLIENT=@@CHARACTER_SET_CLIENT */;
/*!40101 SET @OLD_CHARACTER_SET_RESULTS=@@CHARACTER_SET_RESULTS */;
/*!40101 SET @OLD_COLLATION_CONNECTION=@@COLLATION_CONNECTION */;
/*!40101 SET NAMES utf8mb4 */;

--
-- Base de datos: `dbproyecto`
--

-- --------------------------------------------------------

--
-- Estructura de tabla para la tabla `almacen`
--

CREATE TABLE `almacen` (
  `idALMACEN` int(11) NOT NULL,
  `Fecha_entrada` date DEFAULT NULL,
  `Cantidad` varchar(10) DEFAULT NULL,
  `Condicion` varchar(50) DEFAULT NULL
) ENGINE=InnoDB DEFAULT CHARSET=utf8mb4 COLLATE=utf8mb4_general_ci;

--
-- Volcado de datos para la tabla `almacen`
--

INSERT INTO `almacen` (`idALMACEN`, `Fecha_entrada`, `Cantidad`, `Condicion`) VALUES
(1, '2023-11-30', '1500', 'Perfecto Estado'),
(2, '2023-10-31', '1000', 'Perfecto Estado'),
(3, '2023-11-30', '2', 'Perfecto Estado');

-- --------------------------------------------------------

--
-- Estructura de tabla para la tabla `categoria_producto`
--

CREATE TABLE `categoria_producto` (
  `idCATEGORIA_PRODUCTO` int(11) NOT NULL,
  `Nombre` varchar(45) DEFAULT NULL,
  `Descripcion` varchar(200) DEFAULT NULL
) ENGINE=InnoDB DEFAULT CHARSET=utf8mb4 COLLATE=utf8mb4_general_ci;

--
-- Volcado de datos para la tabla `categoria_producto`
--

INSERT INTO `categoria_producto` (`idCATEGORIA_PRODUCTO`, `Nombre`, `Descripcion`) VALUES
(1, 'Sala', 'Muebles de Sala'),
(2, 'Comedor', 'Muebles de Comedor'),
(3, 'Cocina', 'Muebles de Cocina'),
(4, 'Dormitorio', 'Muebles de Dormitorio'),
(5, 'Personalizado', 'Muebles Personalizados');

-- --------------------------------------------------------

--
-- Estructura de tabla para la tabla `cliente`
--

CREATE TABLE `cliente` (
  `idCLIENTE` int(11) NOT NULL,
  `Nombre` varchar(45) DEFAULT NULL,
  `Apellido_pat` varchar(45) DEFAULT NULL,
  `Apellido_mat` varchar(45) DEFAULT NULL,
  `DNI` varchar(8) DEFAULT NULL,
  `Direccion` varchar(200) DEFAULT NULL,
  `Telefono` varchar(9) DEFAULT NULL,
  `Correo` varchar(200) DEFAULT NULL
) ENGINE=InnoDB DEFAULT CHARSET=utf8mb4 COLLATE=utf8mb4_general_ci;

--
-- Volcado de datos para la tabla `cliente`
--

INSERT INTO `cliente` (`idCLIENTE`, `Nombre`, `Apellido_pat`, `Apellido_mat`, `DNI`, `Direccion`, `Telefono`, `Correo`) VALUES
(1, 'Henyelrey', 'Garcia', 'Chura', '73152529', 'Av.Especiales', '956842135', 'henyelrey.garcia@upeu.edu.pe'),
(2, 'Nick', 'Mayta', 'Jara', '72883381', 'Por ejemplo', '958787621', 'nick.mayta@upeu.edu.pe');

-- --------------------------------------------------------

--
-- Estructura de tabla para la tabla `comprobante_pago`
--

CREATE TABLE `comprobante_pago` (
  `idCOMPROBANTE_PAGO` int(11) NOT NULL,
  `Tipo_comprobante` varchar(50) DEFAULT NULL
) ENGINE=InnoDB DEFAULT CHARSET=utf8mb4 COLLATE=utf8mb4_general_ci;

--
-- Volcado de datos para la tabla `comprobante_pago`
--

INSERT INTO `comprobante_pago` (`idCOMPROBANTE_PAGO`, `Tipo_comprobante`) VALUES
(1, 'Boleta'),
(2, 'Factura');

-- --------------------------------------------------------

--
-- Estructura de tabla para la tabla `contrato`
--

CREATE TABLE `contrato` (
  `idCONTRATO` int(11) NOT NULL,
  `Fecha_inicio` date DEFAULT NULL,
  `Fecha_fin` date DEFAULT NULL,
  `Detalle_contrato` varchar(300) DEFAULT NULL,
  `Estado` varchar(45) DEFAULT NULL,
  `PROVEEDOR_idProveedor` int(11) NOT NULL,
  `PROVEEDOR_EMPRESA_idEmpresa` int(11) NOT NULL
) ENGINE=InnoDB DEFAULT CHARSET=utf8mb4 COLLATE=utf8mb4_general_ci;

--
-- Volcado de datos para la tabla `contrato`
--

INSERT INTO `contrato` (`idCONTRATO`, `Fecha_inicio`, `Fecha_fin`, `Detalle_contrato`, `Estado`, `PROVEEDOR_idProveedor`, `PROVEEDOR_EMPRESA_idEmpresa`) VALUES
(1, '2023-11-01', '2023-11-30', 'Contrato de compraventa', 'Activo', 1, 1),
(2, '2023-10-03', '2023-10-31', 'Contrato de compraventa', 'Finalizado', 2, 2);

-- --------------------------------------------------------

--
-- Estructura de tabla para la tabla `detalle_venta`
--

CREATE TABLE `detalle_venta` (
  `id_DETALLE_VENTA` int(11) NOT NULL,
  `Nombre` varchar(45) DEFAULT NULL,
  `Cantidad` int(11) DEFAULT NULL,
  `Precio_unitario` decimal(10,0) DEFAULT NULL,
  `Sub_total` decimal(10,0) DEFAULT NULL,
  `IGV` decimal(10,0) DEFAULT NULL,
  `TOTAL` decimal(10,0) DEFAULT NULL,
  `VENTA_idVENTA` int(11) NOT NULL,
  `COMPROBANTE_PAGO_idCOMPROBANTE_PAGO` int(11) NOT NULL,
  `PRODUCTO_idPRODUCTO` int(11) NOT NULL
) ENGINE=InnoDB DEFAULT CHARSET=utf8mb4 COLLATE=utf8mb4_general_ci;

--
-- Volcado de datos para la tabla `detalle_venta`
--

INSERT INTO `detalle_venta` (`id_DETALLE_VENTA`, `Nombre`, `Cantidad`, `Precio_unitario`, `Sub_total`, `IGV`, `TOTAL`, `VENTA_idVENTA`, `COMPROBANTE_PAGO_idCOMPROBANTE_PAGO`, `PRODUCTO_idPRODUCTO`) VALUES
(1, 'Henyelrey', 3, 500, 2500, 450, 2950, 1, 1, 1),
(2, 'Nick', 4, 500, 2000, 360, 2360, 2, 1, 2);

-- --------------------------------------------------------

--
-- Estructura de tabla para la tabla `empleado`
--

CREATE TABLE `empleado` (
  `idEMPLEADO` int(11) NOT NULL,
  `Nombre_Empleado` varchar(50) DEFAULT NULL,
  `Apellido_pat` varchar(45) DEFAULT NULL,
  `Apellido_mat` varchar(45) DEFAULT NULL,
  `DNI` varchar(8) DEFAULT NULL,
  `Correo` varchar(200) DEFAULT NULL,
  `Telefono` varchar(9) DEFAULT NULL,
  `EMPRESA_idEmpresa` int(11) NOT NULL
) ENGINE=InnoDB DEFAULT CHARSET=utf8mb4 COLLATE=utf8mb4_general_ci;

--
-- Volcado de datos para la tabla `empleado`
--

INSERT INTO `empleado` (`idEMPLEADO`, `Nombre_Empleado`, `Apellido_pat`, `Apellido_mat`, `DNI`, `Correo`, `Telefono`, `EMPRESA_idEmpresa`) VALUES
(1, 'Nick', 'Mayta', 'Jara', '72883381', 'nick.mayta@upeu.edu.pe', '958782135', 1),
(2, 'David', 'Romero', 'Nina', '73158495', 'david.romero@upeu.edu.pe', '956798332', 1);

-- --------------------------------------------------------

--
-- Estructura de tabla para la tabla `empresa`
--

CREATE TABLE `empresa` (
  `idEmpresa` int(11) NOT NULL,
  `Nombre_empresa` varchar(50) DEFAULT NULL,
  `Direccion` varchar(100) DEFAULT NULL,
  `RUC` varchar(15) DEFAULT NULL
) ENGINE=InnoDB DEFAULT CHARSET=utf8mb4 COLLATE=utf8mb4_general_ci;

--
-- Volcado de datos para la tabla `empresa`
--

INSERT INTO `empresa` (`idEmpresa`, `Nombre_empresa`, `Direccion`, `RUC`) VALUES
(1, 'La Gran Feria de Muebles', ' Calle de Velázquez, 80 Madrid', '10164120517'),
(2, 'Proveedor', 'Abdullah Jassim Bin cerca de la Corniche.', '20164121611');

-- --------------------------------------------------------

--
-- Estructura de tabla para la tabla `estado`
--

CREATE TABLE `estado` (
  `idESTADO` int(11) NOT NULL,
  `Nombre_estado` varchar(45) DEFAULT NULL
) ENGINE=InnoDB DEFAULT CHARSET=utf8mb4 COLLATE=utf8mb4_general_ci;

--
-- Volcado de datos para la tabla `estado`
--

INSERT INTO `estado` (`idESTADO`, `Nombre_estado`) VALUES
(1, 'Pendiente'),
(2, 'Completado'),
(3, 'Cancelado'),
(4, 'Rechazado'),
(5, 'Entregado'),
(6, 'Devuelto'),
(7, 'Proceso');

-- --------------------------------------------------------

--
-- Estructura de tabla para la tabla `inventario`
--

CREATE TABLE `inventario` (
  `idINVENTARIO` int(11) NOT NULL,
  `Fecha_ingreso` date DEFAULT NULL,
  `Cantidad` varchar(10) DEFAULT NULL,
  `Serie` varchar(40) DEFAULT NULL,
  `Costo_almacen` decimal(10,0) DEFAULT NULL,
  `ALMACEN_idALMACEN` int(11) NOT NULL
) ENGINE=InnoDB DEFAULT CHARSET=utf8mb4 COLLATE=utf8mb4_general_ci;

--
-- Volcado de datos para la tabla `inventario`
--

INSERT INTO `inventario` (`idINVENTARIO`, `Fecha_ingreso`, `Cantidad`, `Serie`, `Costo_almacen`, `ALMACEN_idALMACEN`) VALUES
(1, '2023-10-31', '1000', '49UB580V', 1500, 2),
(2, '2023-11-30', '1500', '45DB580V', 2000, 1),
(3, '2023-11-30', '2', '29PE580D', 2500, 3);

-- --------------------------------------------------------

--
-- Estructura de tabla para la tabla `inventario_detalle`
--

CREATE TABLE `inventario_detalle` (
  `idINVENTARIO_DETALLE` int(11) NOT NULL,
  `INVENTARIO_idINVENTARIO` int(11) NOT NULL
) ENGINE=InnoDB DEFAULT CHARSET=utf8mb4 COLLATE=utf8mb4_general_ci;

--
-- Volcado de datos para la tabla `inventario_detalle`
--

INSERT INTO `inventario_detalle` (`idINVENTARIO_DETALLE`, `INVENTARIO_idINVENTARIO`) VALUES
(1, 1),
(2, 2),
(3, 3);

-- --------------------------------------------------------

--
-- Estructura de tabla para la tabla `montaje`
--

CREATE TABLE `montaje` (
  `idMONTAJE` int(11) NOT NULL,
  `Fecha` date DEFAULT NULL,
  `Direccion` varchar(200) DEFAULT NULL,
  `CLIENTE_idCLIENTE` int(11) NOT NULL,
  `ESTADO_idESTADO` int(11) NOT NULL
) ENGINE=InnoDB DEFAULT CHARSET=utf8mb4 COLLATE=utf8mb4_general_ci;

--
-- Volcado de datos para la tabla `montaje`
--

INSERT INTO `montaje` (`idMONTAJE`, `Fecha`, `Direccion`, `CLIENTE_idCLIENTE`, `ESTADO_idESTADO`) VALUES
(1, '2023-11-30', 'Av. Especiales', 1, 2),
(2, '2023-12-04', 'Por ejemplo', 2, 4);

-- --------------------------------------------------------

--
-- Estructura de tabla para la tabla `pedido`
--

CREATE TABLE `pedido` (
  `idPEDIDO` int(11) NOT NULL,
  `Detalle` varchar(200) DEFAULT NULL,
  `Cantidad` varchar(10) DEFAULT NULL,
  `Precio_Unitario` decimal(10,0) DEFAULT NULL,
  `Fecha_contrato` date DEFAULT NULL,
  `Condiciones` varchar(200) DEFAULT NULL,
  `CONTRATO_idCONTRATO` int(11) NOT NULL,
  `ALMACEN_idALMACEN` int(11) NOT NULL
) ENGINE=InnoDB DEFAULT CHARSET=utf8mb4 COLLATE=utf8mb4_general_ci;

--
-- Volcado de datos para la tabla `pedido`
--

INSERT INTO `pedido` (`idPEDIDO`, `Detalle`, `Cantidad`, `Precio_Unitario`, `Fecha_contrato`, `Condiciones`, `CONTRATO_idCONTRATO`, `ALMACEN_idALMACEN`) VALUES
(1, 'Muebles de sala', '100', 1500, '2023-11-01', 'El producto debe llegar en perfecto estado', 1, 1),
(2, 'Muebles de Oficina', '50', 2000, '2023-10-03', 'El producto es frágil', 2, 2),
(3, 'Mueble personalizado', '2', 2500, '2023-11-30', 'Debe estar en perfecto estado', 1, 3);

-- --------------------------------------------------------

--
-- Estructura de tabla para la tabla `pedido_personalizado`
--

CREATE TABLE `pedido_personalizado` (
  `idPEDIDO_PERSONALIZADO` int(11) NOT NULL,
  `Fecha_pedido` date DEFAULT NULL,
  `Fecha_envio` date DEFAULT NULL,
  `Fecha_entrega` date DEFAULT NULL,
  `Caracteristicas` varchar(200) DEFAULT NULL,
  `PEDIDO_idPEDIDO` int(11) NOT NULL
) ENGINE=InnoDB DEFAULT CHARSET=utf8mb4 COLLATE=utf8mb4_general_ci;

--
-- Volcado de datos para la tabla `pedido_personalizado`
--

INSERT INTO `pedido_personalizado` (`idPEDIDO_PERSONALIZADO`, `Fecha_pedido`, `Fecha_envio`, `Fecha_entrega`, `Caracteristicas`, `PEDIDO_idPEDIDO`) VALUES
(1, '2023-11-30', '2023-12-06', '2023-12-08', 'Mueble Personalizado', 3),
(2, '2023-11-27', '2023-12-01', '2023-11-07', 'Mueble Personalizado', 3);

-- --------------------------------------------------------

--
-- Estructura de tabla para la tabla `post-venta`
--

CREATE TABLE `post-venta` (
  `idPOST-VENTA` int(11) NOT NULL,
  `Fecha_solicitud` date DEFAULT NULL,
  `Descripcion` varchar(200) DEFAULT NULL,
  `Fecha_solucion` date DEFAULT NULL,
  `Costo_garantia` decimal(10,0) DEFAULT NULL,
  `CLIENTE_idCLIENTE` int(11) NOT NULL,
  `ESTADO_idESTADO` int(11) NOT NULL
) ENGINE=InnoDB DEFAULT CHARSET=utf8mb4 COLLATE=utf8mb4_general_ci;

--
-- Volcado de datos para la tabla `post-venta`
--

INSERT INTO `post-venta` (`idPOST-VENTA`, `Fecha_solicitud`, `Descripcion`, `Fecha_solucion`, `Costo_garantia`, `CLIENTE_idCLIENTE`, `ESTADO_idESTADO`) VALUES
(1, '2023-12-08', 'El producto esta defectuoso', '2023-12-11', 400, 1, 2),
(2, '2023-12-15', 'Solicita Garantía del producto', '2023-11-17', 100, 2, 2);

-- --------------------------------------------------------

--
-- Estructura de tabla para la tabla `producto`
--

CREATE TABLE `producto` (
  `idPRODUCTO` int(11) NOT NULL,
  `Nombre` varchar(45) DEFAULT NULL,
  `Descripcion` varchar(200) DEFAULT NULL,
  `Stock` varchar(15) DEFAULT NULL,
  `Precio` decimal(10,0) DEFAULT NULL,
  `Foto` longblob DEFAULT NULL,
  `INVENTARIO_DETALLE_idINVENTARIO_DETALLE` int(11) NOT NULL,
  `EMPLEADO_idEMPLEADO` int(11) NOT NULL,
  `CATEGORIA_PRODUCTO_idCATEGORIA_PRODUCTO` int(11) NOT NULL
) ENGINE=InnoDB DEFAULT CHARSET=utf8mb4 COLLATE=utf8mb4_general_ci;

--
-- Volcado de datos para la tabla `producto`
--

INSERT INTO `producto` (`idPRODUCTO`, `Nombre`, `Descripcion`, `Stock`, `Precio`, `Foto`, `INVENTARIO_DETALLE_idINVENTARIO_DETALLE`, `EMPLEADO_idEMPLEADO`, `CATEGORIA_PRODUCTO_idCATEGORIA_PRODUCTO`) VALUES
(1, 'Sofas de sala', 'Sofás modulares de diseño moderno y actual, de tamaños grandes y formas rectas, con patas y almohadas de tejido', '105', 1500, 0xffd8ffe000104a46494600010100000100010000ffdb00430006040506050406060506070706080a100a0a09090a140e0f0c1017141818171416161a1d251f1a1b231c1616202c20232627292a29191f2d302d283025282928ffdb0043010707070a080a130a0a13281a161a2828282828282828282828282828282828282828282828282828282828282828282828282828282828282828282828282828ffc200110800c8019003012200021101031101ffc4001b00000203010101000000000000000000000203010405000607ffc4001a010003010101010000000000000000000000010203040506ffda000c03010002100310000001f4424acb4d7cbbe5ac1e7dfa11771d5dd0ed58ad61ab1c33ae663c2052248198e1f10c88e27982b6843a74eed28a52cc2d8c48840c88447432cb54c226624aeeee41314d670940d2c4b6485c8b6ca961716ba965559569bdd354ef84a765a96b4fb356ca56644b6898910298908e5c21dc3349b1d01ca354555aafaf14b020b04484200a003ba1965aa611242457771c317055c6ef4d76f4427a0a6816c4cd4afab65b3c097d1cbad4eed6d73b39da39d9dd862a22ae5ac628af407e79b71b81900d6d0e5c86a4672c36272899b118e61a68a4a866a51aa1020d66008420660062602c352d6888190cdcda1f3dd41905530ee76a66d5da7d172e7def3c2b9528d98900e5e8d653ebfa5e5ec8e6cd2d4ce199760d66d3ee50b09dae83b9ec7d7c0915a18bb30465d9c54fd25566752f612f9d556aba1461d35b92a8408182242031d0111301618a6089a9664ef625c9e0e8c75ed32af2e96ea55a7a296e8eb0a39fa580b1c75f4a0c8f73c34cb7900e820320324cd64aafb56ea9855816792d0b8cccc3cbf4f943d8f3de8aab3d1109692195a9932c1660ac566b440c8840cc0447403dc86888d64132329c9ac93241a71de95529e7eba88d3567ae705e563b7a1ee8f73e78ba240a465066b3033031dc721cd30645915ad8860e36b60e47accbd2ae3f48d59ed2393ad929ad6c5cd2c096280912ba2211dd100e6298c3351a452049cace10855e99d300b5473d68f6c76918fdb3214fba36c0b8640a408186a612c654a49fa27f99b8cdeec5e6b5979d09ddca742349544437abe3d366ecf9eb03d91ca90d10a528b634d2aadd7904ba2618d35930cd440721286484a1b3134902428b3d3d53ddd2ca31b5c9e24ecc862cecc863b353858b4bd3253c098ba9d63d2a14041d54de552ccb3eb16ee7291b4e0f38d4350ce868c4b7982f3543dd9a79717fca67a6dae8bd38ad55cc6c8ceb91484a192b3064ac40b80856ba26e7a6242eccf00831282eaef64c442394601e7af229c56ce345697b177035281d8f37e7f9bbfe855703774c352d636874f2d5c8f4d8815946a97b5a9e4fd389b0bca1ebf93d8cec3a726de3eff0f652b15b3b6cbdddaf2be87d0f38b3aba53b6696265dd0131dc04c4f0ad9d33627acc0f3697a17079a77a2ad52db55582620d634bb2861ec54a6b0d2564f06c792d8b51af8cd9c4770fadebb53c8ef76f95acb4af6c71ea4aa047d07c97a96479bde957944dc9f31df5e0682bb3ab997379532c63f4ce8216cd13cd46d1c8c84f7704f7704cf706840f08f8380e239997ad95a74a40c13c8ee8cdcacc42a744a3a66e52cb57aeb45f9ad9b4aa8b2ccc435e83bcc243d2c797e47ad5f97b14bd278ef63e4f9f6a662be17a2b1a3be9a85a563bb9b0acdecc15db19597cfd5ea57e2b75bbb3d7ba3929cd85cb0e2e4b4a59d6970d904f3f833834f0dad549a66b2a3a33a90210a9232826d75b2e0aa447cb91912ee316cb2fb84dbb962a69597452bb87af4f33cc6875ce6a35b2975cd811754a17761993e73dc0e1d3e13d0edd94e9dab156f2a6d1196c1e9697ddc133dc8eeee6752ee6d3e3bba5faeeeecdf477329f770723b86d1ee01eee1f4f70a59dcd5a1eea56ecf73933eebcccbbad050ee40a3b953fd0f708d3dd9e801dc35abb807bb938b7dccffc40029100002020102050403010101000000000001020003110412101320213105303241142233234224ffda000801010001050269a7fec6574957faa7e2208bec7dcfbe832c8d0fb15fc7a57cafc41c93d82f8e03bb99dcc69510b6f39273126e5329f88822ccf1fae3f73ef8986591a187ad3e3d222fc429cb2e027858be17b39e0638ef8988044ec04114cddc7eba4f9e261f0f1a1f613e3d3e557e2be5a0827d8ed0cef8300dcdc83392672d844398208a66e8387d71270dbd493e7898de1e1f653e3d01498410bcdc0aac0c58c1c3effe9a168657fd18e235e4053b827c8411603d97711fb4efc0f608730b8563624665072bc5a3787ee4fb29f1e220ed35367ea4cccd3ddbc4cccfeccddc9cf0313fa19a850c041f38ff0010e2171847c2ef9cc31ec69cc81c89cc316e79cc69cd79f9166ee7bc37b437bee73ba7d7b09f1e022a7676005afb8e62ae66e28df4258710984ccc317e646615cf01fd382c014cc09b440ab8b89e63de566819ad9ad7e532ea98cf507e4594dfcc829ae726b8694c354919547b49e382f9cfeb6ab6151c3726c8b5b016d361299156e969ef984f030f63cd79cd79cd78be7808a62f88dfc9e8ff00c8a1457e9cd96f53dbf915b203eb5d8d432e3c47f8931bda4f1d5ff27b1684f62dfb3b4cf4198989883888227c611b92dcecb939567a70c3fabede7588867a9522d9582a47c659f030fb49e3a87c63f826623887dda87e98e3aaa56c9400a75d40ba7e077d7d1ce9469f691e25bfccc3c4f5a78eafa8e7f5cc43987c100c290a7b75fc60e0ca18535d75bfaaf9ecb5ebfbc344aff9cb7f99861861eb4f1d4ce16730476c82088b3634d8d396f394fedd7f1838f7dfeb05c4b1b15eb7bae990ac1f1967f330c30c3d6be3abccc4c471dd477f7444ec2013698cad14581f534add1bd394cb2b475e5a2916ae2cd4009f9248de9375737573fca6dae6caa1ad214e85f1d438bf95f3ee3b6d9631695d8560ba73499cc339867326f9ba6f9be6f9718203374dd374dd374377fa13d8715f1d438bf95f3ee5df1f3c3304ccccccdd33c4cb7bd6a7b749899fc80aef4d75d5b3915386d2ae5e9d83a870cc68be7a3b4ed30b3b4ed3b4edc37473916feb62e9898da54ad1794d2caca827106e302beda39655b4e984d2ee9668d79601583854db6d0b5982aae6c4c0c08eddefb0ade97fe8f7ed365a5a2f65e91e73c57cf46d9898eb3351fd34f7625f6ef5ee1a9b36965c253ea6a0d5aea6c97502d1496cab340d91acab701c1fb8d1da5ebcccf1f551b2f57ed9201626536e1b4fca7852b968a503357045f3d00c0d01e191374dd1dc0896d6edd065d4da5d16cacb5c2170656f834d983ea1a70ea1a69756d59765d44a6d0d019997a6c72631eda3b31a81e09976ba9a6dd4ead69a6e6fccd0af618ce9857616bb35ea29b0caece62ea73cd8be0793d60c5d522c3ac11f5861d5cfcdb8c4d46a09a5d8ccced0ce79057531ecaac9cad364d3a58d5e9e2610fa869f9168389a6b3059803578dd2dff004acbc7b22d8dcf84cd56816d7d350b555b852ea577eaee6b0e8ea7b9eeab4bcce6d08fcdcb6a183183c7b3c913915c145420551c2e76ac56c1d381f2df2e0de33df317cd9b2dd390cae96321b2e51a4d0d9be867c4e64d5d569d40d0ea5a69fd36caee7ef363182a68fbeb3631a9cd7cd5eeacda8e59a754b6a582812db952d62a780f1ece7a4f71a43b1f87d9f3c1a7dc3d8536cd6e9add4ea1343aa113d337ca3d3abae0d22c1a549c8ac4352460ab059508b6d24dd6d69020dbad295bab2955968162b769e63505c3578895160ba773069b139021a7109191eddffa5c3bf0fb3e78378fb98dd2af4ea5451453542f589f9352c3ae10eb9a1d65861d45867318cdd33c342336f68da2dd6aa007535964f4f1be8d7d3b6ca2cff3dd996aee528c23ddb15f56a47e4db28616543bc5a3f4e542a44c1983396b396b396b396b396b396b3535669d2e1ebd90f62df2e07c7dcf016e720b199e81de0463394d134c4c1a55834e82256042063583f45189453b8e372f2a72f136c20cfdc4beb362be96cc8d2d8669ab15d74d71be19cb4edc3709b84cccf452793a82dc0f9e07c7dc3e2bf8f4a5eca06a50c17e9e25959199be6f9bbb6a946c0a9158c76ff1de60b207078ecdc3f1d8cfc595d28908ccb016800587af26660f3a9f3aad572a83acbadb7ef818780957c7389cc59bc4dcc67ef36b4d902812b7db03106bd4dab06af117d4310ebe96995698c2bae508226710ea2b134f78b4d4bb61b3b9b0986c30b985a13c41ef8067ffc400251100020201040202030101000000000000000102110310122021043113301432514161ffda0008010301013f018944747cd7d48a28485dea86b9afa12b162931c5a7de89118d91d22236d8e06c361b0d86c6280d5724ac8a5faa31e3a464c6b22a3690858a244da25427ad8d89965b1367be5174c8e6da2f2d91f22425b88c04b4b2f9589e8be94ac8a12a233a14d715c10b45a2e69d0b2b47e448fc991f953e28a28a2b4a28a288c1bf4355f559659627a27a6deacb2f5b21936bb31af97a1e164f1ec5f7242e991c38f32b464c1280d50b46886394ff0053046507bdfa32c9468cf4e23e85c68dd1fe1ba3fc1bff0087b122b4a316478a565ac9133c6995a37663cb2c5dc04e59a4668c23e9f64b14d477ff008431bc8fa2ab951457264334a1e8949c9d94ca287d1e3a85de41284b252f47c7793e3b37b8be8dd663f1e591599fc59618ee132cb2f82e1451431b66e1bd3750db7ae2f26789544c9e4cf2f4c48625c18bea71451e8b176515c7ffc4002711000202010402010403010000000000000001021103122021311013300432516105141522ffda0008010201013f019f145a64fbf0b7b17c0862658d92e0afd1d0c4f7b6477ca4a3d92fabc51fb9919c64ae2fc363744fc4c62950b21ec359acf61ec44a6637ba52d29b664c9965359266497b2567d2e696297e8b253a1c899acbb1a2bc488f235c8fb34a1a4255bb2c3d90711ff1a9d5b3fce8fe4fe8c225e92521bdf42854892b63f0fe16e8932ec963b1e36be19763ec5f13563c698b04533d113d11dc8bf1c3db6395177f2d0d0bceadb44b1d93ff008164219357c1c78af3d16764b24b1f0432a9098fc21cabb32b8c96935346095c84ec6c5b2ca653fc9474365965938eb438b8b30bb459cb3a24acd125369954b8e8c6e312f47de5deeb2cb1ed43c6a5d8924a8e0b2c5c99e491fa3d77052628da34d12cf18ba3167591d0d78a29148af0f6596588a88a22544d5a31fd3dbd52171e72608e4e590c31c7d0d8b82dec8f7f1a932fc50f82cbdbffc4003a10000102030604050203060700000000000100021121310310123241912022517130406181a1041323529233425082b1c114346273a2d1e1ffda0008010100063f02bc10deea7c142b55a2a2a2d557875f2f346f28a33be25665982a8e0d554aa054bb555bf4f355bcf747c3d554ecb454bf5f34feca68f01b8df0e037eaabf1752ea2d6eac9670aab4bf4f24540a91e02abc010449b339a0a2289fdefa9598eca46fa2a1464ef75031538ecb98cd578345a79080ba4b09cde004108c5493efa5d53bacc77598ee841c5673baccb3a317accb32ffc5a6ca8142014c0f1a27826a3d148f18bab73bbf04c0540a811e509d8601a2b1011c2f63e1e8ad3ef59810841418d6e5c462172b59b2b36d9b1bcdd5430b63d965595515153c6aa902a26ce3e8b2fca1108c07ca6c7a2adc7824aaaaaa893af1be3d13f1d2a0271d4555ac3d0c55907d213ec80112daf65648421dd0b8f973e38b9c3aa386a9e2d39b14e2ad088e12d1382b1c409968b94e0ea159c4e89c1dd50b8ff00061355bc62b4c2b0b2d03990a4669bcec691f98a8ff88b2dd597e235987aae7b7b277ba173bca9b8dc7c8c084e0c698f556728c8aec17d3d1180099d85cef2738ad76520550aa1595655454f21e9056783d5519edd57d3736188feca1887642e77f06991baa8def9151b4221d00439a8a76a3f4ab304e44309414419f45030530b2fcacab29dd7ef6eaaf527159bce05552baaaaaaabc43c063204b9c87c79c1e29f01a5b982c83dc21899dd45b11eea4f23d949e0f90a0d9651b2ca365946ca836541b2a0daf9c0a2075420faf545d69687d82337b562ccdeb77282a26cded1ea110f1eea4e777aafda8d94057aa2d75456f6c61032536376591ab237652005cf6622b0d109c918e5e8878f5f09eb15f1053ad6c04ff2f44d0441b0f95274d62b1862e9d5431613d14f0baec6330af6e018ab43c2d7e8e0aa83a73bb0ba08c40c4b20536a934efe373101418f0e3e9c4e218518d9be1d94ca91550a3147ea2c87fb8d1fd54ae0f6c05a8d7aa9931d47455ba594d2fc3f9829dd81ee9ebe8b1b61686900539d0e764e0a24ed35800e6c2080a423d9094221020cd7aa9f8992d8ff002a97d3db9f65fe51feea5f48d1b29590fd4bf6421eea6c23bf1735985360d9641ba9170f7527620a2d1f84ea7fd295cdb49742548fc5c46ba5f67833e21053f6175a5a63307189105298719ae59bb5ec9b17b6cece3d60a0c6c2cc68d500fc0056735cf665ca5f4f06ff005516b43474098478937da1fe653693ddc54ac99b29346d7443623ba0e1c0782b7553acdfaebd0a2c7098507411235a2c4dbddf66cf134cd4f037dd32d0da0e53184172a9bbe149f3446091a84eb40dc4ee9d10b4b4a199430268c186d6b8902e6c5ab92bf0881667084d2da1a79120ea9d667c2284401dd7dcb12da40ac8d3ee10fbd4fca0afc30e11ff005298f9541b2a5d5535222ec4fd90b38731d2330a3a74588cbd102799a8088525cccfec9a2421a2e9eca4441733d49ea6e0a4e07b7881e3552bcf01bb09d64a78ff00528b65eea6e52526a900aaa6e2a678093fbab114fb6b7745827dd10da7452d15a1d03a485a8a2691098530a51d957fe2a0ec6e8d20e82c366de6ea556483cbbf54c85571f844bb97a0523c1aeea9f2a8b5dd6bbad77461513553255b8f14429955e2ca568a6ef85324ac8a4d85c6ec47db8e755282991050113d4ac6e120a275505354f05ccd2f3c478e100429d9ec54de5bdc2185ed3eea8b2aa5c573288144154f0c82a414dca55ba5452dfc36b8764e7b4448431da18468243c2cc1481d9499b95a053715389f7520a6d0eeea20c166c5dd4d817359fca0d2ec27d42939a5414ae9acdb4d418d793d17343b0545255508aaf17fffc400281001000202010402010403010000000000010011213141105161718191a120b1c1f0d1e1f130ffda0008010100013f21d261f78e928b88ceeed3ccaa7caa71bde299862e1de0f50c5647b9f0a578fc3031b1f339d097e5f241c6ee5f71f31f444bb50fa81e04af72bdc75b7e482cc530225a0798f3d0c62c59c463347bea7517899a999aef282958b9cc2477629cc1b0f70c3ed1169cd57a98b6c2bea5d85d10625a0a20bc4f706d7dd1234df3367b8a38f3c2186af64abe4f99fdd30c2c27cce62fcbe48366d62f77df439e0cf87ee7c7e67dcd39f99a70cf12bd7e80c5e9c47719aba9d45db6855b5c4158e5b9881039970b63c1073ba8b295e250a20580e2e01b2acbe78945177a9a4074cf49e4fdcb5db060228bdfc4a9e30c357b833c295e1f0c36c57cce74fc32fcc0e1db2f3baf64bf2457b0fb95e3e99f53e262693e6387fd26dd0c7a318f4d5efa9d428713f0aa649747ef1589884448010357374e3373323db963e0cbb2aaaa6b2c6d99e4257dbee1c4fccc655535d0ebc4a5e1ce4861bfcc2b068657f4c0cb1f9959dbee5457b9b8ad3921502bda3e5f63a2fc9f53ea6b817a62783f71b7a7ee3cc631eaf88c66ae841e9a03ee1881695b8e2167866080f6664bbfc6e0dba60e6a1c8d732a95dbdc5439c41b4dfb9ac55ee9a0073cc1e20daecef0c58518ae6601d05e6a3a4c3f13b0a5068495d9028d8446f30ac5f8253a7c3a8508b5c0b00e41f2bfc416208836adf13e5fa9f3f88b1b3ea3adfe4c7450fe7a18c63d1dc6335742043cb196201ca676598371d8969ef0c7389e951aab4d4b556ee5645b8be7335987ba64fb4a08a9bc30d1851ac71302f308eafcdcf092d4146bbca81660ed8084f22bbcbb0693eec5dd8f4c73637de2ee2bea1df41918aa8f7a178fc31c1d35da2ee65e1ea318c7aac66a8420b6a78d46eb9e2c9628e239c31c94fa947a2a0d9682bbc586d968add54c89324d99ac552c4cd6678ef88157cf4221177cc01145769dbabd4ff851567d1280ddca81ea1b733a0999760b54fb94e09f70a945869befedb96ad42fc3e6652cafeb736b6aef3fb185555f996ef7f73187e5128c608c73d16318ee3b8b1e86e2c2a28050c7788c97a8729eb6678d154183bca0d45bd332b38251218628cb4e79a8f24c1bccba58310a0ed3cbfa87fcb3fb08577194211d4fd98ac4257290ece226d093944a2e2c5c3b68820625523771ab15bc38b7fc8ed5ad9e51e118a6d366b52e2adaa4fc09cc54dd156c6318c63b8f466bf7061068c35fa0316a2e0be62c0b3b889812a64a8dd7dc5ccbdf417d420d108451547722586d02a7a3f1293586cc2b2beed0a0b7c442a0bede608d6f192f534251579d4661ac31c799cdce086e7e3c51462c59718c7718c78cb874beb97c239595ba9c4b4dc6c28a6630599216dc73ccbc530db9c75a9508421084b1a87b98708143995e62a8805663e00ad2e1bdb34b66f67a99a597b4df638bb6f5a8d513af0b94c49555886e7e07408c7a98bd163163061d2f3d46a46549e264ee52178b8072062987305c93947f1fa4e842109a61347d74a024ecf331b06edecc46008b6c8a1500bb1db8b83252c3b3d4a94e7c71395bfe286e7e07ea03b8b98efa318a460e6712fad4d3e04d5895b897d4a8bfaa16b9afb4db96a6fcbee05afce783f7fa48308421347b84e5eba8ad5ff8441f659ad6a5eadd41970f1197458df38626d11cf6cfc7e99fa3f4051458c62c631e1060ce20c19712c59729da7a4c498512540952e5f5b83060c20bd1194833cc14cdb291c70c3d12ee23f9fc4718be1505bd51459fee1e5a2ab4ff003027a0acf3af314ba1e250337551d10b6c433207c410cb7e1ff71ef5f70af8f8636e07c459b0fa813767c475d46af329cd2bd470b162c717060e25c1e8b3d747a9a3ff000be83060cc2114ca09485aa6b6d18f3a9ee1df7dc335aaf716bb2f9636d92f18d1cf45424bccc7263d4739a9e4c6fce20a7fac6b79cc302db146a32f90797315dc7a6897065e25c1831660f5347e9b972fa7cc1f307cc1f333f74728382885a2ecc309ce79c20fa4b97d1e45332f1ea0e2e5dcbadc1b978cc789534e50af319602acee7a8e61bab57b85e81e20580573696efa120c1e97d066dd0a6e3b7e268fd244ae7d11a86ba844c3522d680f88aa98401d937282b1865d44687a3fc4540a35ba5f17bc8329e4ecb8f73e046b4839a2ea5b7d4047ca3d1c9ea662aee91c2f410a4a95d9dfb8a811e833c210eb926c6ae294962c9fb701b7e3c5ae3c111c1e252f0bbabc67328230d61dc4cb3eb28162d70680a955961d2fa5c70f6c58c542e0debf414e1f135db146b278972e5cb8b171358f4a8dcb836daa3c4ac178cc5b035cc506ae93b7899a1ae9f64f884cdb2bcd7b6fe73290bbb7fdea79e4f6ff008304831769731f56183b91eccc3b83e50304a82d18c4acb80dbde1d917517cc62d16863b931343c475735a7b4372d7b8236b110056d4f32c66364a9f1cc538b2acb35143b7f421a9dd20bd062c6c95344f181581dd6a60146b2a952a38977d2a042b490780fcb10b8a3dc5b027b9a4a3c4a70be263c7bfd87f994070f2c016df13149a184006ac81c55fdc3ba67c72f87899312bc997e1c7e635fcc7868fed288611e0d7b4799002d6fbca7aad839aff005718a94ec7f74e44b5386eff009884bf74c0b2545d4a8a114f5aec2255ece673e26b8ead36b3f5188a4c056fcbf12c7ec0fe67769e528725dd7f94c4087f5c419cce04fed052aeb7ce53bc5464bf4456e352e0a1cf24a9c85786034cf315c87bfe529551e9ff009822bd3da2b25e435f128e865f1eff00088b2af6ca4cdbe495415b5bf115d85371f4f50fcaa069fe670f11176a87bc46d6e90cd9c4381d0da778d2c700d78890019ab71e04a060aa701ea257b301bf2c465cae641e47f27e6e151c077fb4c5bcb01fbc66b8cdf1d1e3d2ff00f05dfbaa7ed2ff00c80fe67ee023487d4057895d9cef09eb41f1d744c93cc1c5e65e23475da5adf0e8745d207968e29e8657a1a9b94819e58e208abda00a5e78750d6ede66393198349b73017b271e3cde31ba756d52d6523e6719f88b4a86d937123b660355cc01165dbe90c5702197bb3b0bd7078fc4c0a62ccdfaed1233f6e3e20977cfbfec87389df6441ea5b426ae8753a1d58b972e5c26b02a328cdd7d757499af7d35357f89748a1cc78ce63b66e97f11aecde5af8829f122bb4f1f5152cfd9aa67aa071a52dd1c539660f43ed3019adf10039fcc0982be621909e59c207c904027c9174697c711cc294c7646bd06e9e465f30c55294431543b3b3c4180f2375ea23105d0bb80ac17d10c0a9e74987819d22857e50a1ec51bfa9c257c151e218c6c0777107447e515ebbd7e83f45cb970d3bbbe48a83a25f4748b77784f306534c6256a19f41b571789454be513b6d5596cd0afa8e4597d431b3db38c271d0f04fe59458dbf714ae596eefdcdbde63fa3bcf7e25810757995948466dec83950701d7a862aaf120651f559327f7bc6c02b4f84961584df79ff00425e5c3e03700c83dc6ce0e08080447a7fcca1cb6dc35f999d45d330535bc466a7c8d7b8aac2914a70f98f153f328e3a41de4799f71ed75220537706ded0e582f87ea63a7f30e07f131f7ce08f4aaf29c32d6e02e0bd9e629bca3dcfe65e344befa977de60c0ad4d57c8437b43cb3489e083c63b01f6cc300be0dcc0e885a7eb97cc36d6fccbbd3567bb2cd659e66948547b811ae9bf538c7dcad087a6711707b403c9f33001b5ee5ca45b8765681e65c6995f51a862020a8fda28d27dcbc6009e49e495efd172e2959d4f302bf925f16d8edbcdc314389b9fd88e2dcc5d66e2bf5458f38e60f79e8b2712fe2710d7b3137193426c20983393ba185e678600295f71eca7ccb56f37de605b4f8978a6778e65c401e52fc00f8817f9277699e0259de35148d9390479605fe026b4bdcc70038bb6e36140e30cbd6cbdd15ea0d97d3352d96cb7bc3b8c53cb1a6cea0add6dfc4a03369d46dc43dc768b913dce22c414b49b839b409861f51593588f2218e58f707c32e5b2f88481440b7f8ae09caf0403b7b23489f1029dd8ec8a12aef0d4111a3e71ed63d335903c5a30926b9657a1fcb0d451b9894af766d2cf7122d51e63b92bfd35332068455f99b54bd8bfcce361ee29480f119801ea52b57d1183283c733065a25dff00a9729c330215613fffda000c030100020003000000100c00030800000000000c00080870bc0000c30c30c30c30000000000030000024e2e410030c00c00c30430c30c30030c000800200b0830c0083003040000082000001000008003a030410019020830410020800010800050000062c20810f92530c30440020840020c20000800830c00c22002010400000000000000431020800940711400000000800030000820010c30c60000010550000000430c304200008004204100008470d401041108000003043003001041083080100e1c0c30100020830c10000000030c30000800208400000000820c30c30000000c00c30c10400040c30410830830c10010c00c30030410c20400bffc40022110003000202020300030000000000000000011110213151204130617191a1f0ffda0008010301013f10e2ff000be8e2f1cbe075f0c51ecf2945fb1b6d73e427c66702fc44f26fc0dc9e38bc5b06d131451581c48bca84913309486cf642c86c93d9fb207bc0f09bb19d8c9c89bb3ee3b4569b7e5399bed22ba91554917366af2459a2d25347c7b0de888f717c54c27c75f4e110dcb847e27e1e656498c6463033979facfe3e00155827c3c306b34d7b2b84e6defc7d67624fc358749c388ecd0be0b3c03189588e99506d5ed9ad4c56c2784c3ed7f275ff007121ac08215d8b09c7b38e426785580d9b2312937b7d8d5263f611db90f8976568fe10baf1634efa1f9b9c15de081b77692e0ba23312b5a52e07b3468f737b13938ff7d880ceac30476515f657d95d2bcc57a47447d8fb713a218546f17168517d0aec8624a528950dc795ccc84f4284f6122248899fffc4002411000201040203010003010000000000000001111020213141513061718191c1e1f1ffda0008010201013f106937b3b8681e87c783bbf0a5060542a4748a5524936a8c564d93eef5f2e374a0fc16a42318a9b45f69b23510131a1a7442885057064772b8564c0527a4f8439a50da7ec39f358a36b07c31ceb1518e8f91d3243a64381ea3ae27457462e25419978ff0c31281a1b6389233996e8a2618d910b9a6de298d9178388fc30d294ce042b749efc3a06d1984bbddbb06993191c744ba4d0a596434bf9ac780a131487620c48d14e444125af09b5632d239b3568752d195e6d052cb607b4791ab2656450cdab9f72fe05ff01f44d027a63d09899bf8dcd440408f0d09b28f66bfdbd9816d26f4c4e8a5fa3d9e11c1daa6ac2d268911e8f9182949ed9a4986dbcff427d6c7c48728e5110287461923d07a08f442882178872c5d82289ed852c7c0fe08b631465064612991dd120ca2ad2884a53915904114914244d1d448989b7bb3ffc40029100001030106070101010100000000000001001121311041516171b1208191a1c1d1f0e130f140ffda0008010100013f1047c3922201cc5c1aa96e49c05e1750d86c0a06048c424d8a1b0157090000fd0ba80c38040e402a0644025fc8001dc3884b8047a0253b002ecb44039aee0116f008a83c0550800431724c224516a804092ee750bc900b00ba0045dc6d00434856d481190ec02ab17f000007e084c506b0683a9310f8047180f686e3884820e2a0a795800fc28003528002a1008487c9070246462e68350245a10089ca160762196a000db0017f4ec0864b5544c41e01572b00eb50006201e00e0000b9a8b0bfd7f9003b87133417ea1339874253a04b6742c415175601508125f0075e4017a242d000bd91997d078508108a8427523960006a0a898807fa1c936d040bcc72043cdd7724b4184984ca2d93f422c21bb1e9c6032d1b8e11f8213980cce6448a0f38898da4645c8726840c42a88875e064611d01048d4b590e406e8b58185098a4c6081a3aba062312b83217306d0790222fc4ec88188a960fd20b082409d479041a419da9a3b3a2e2ae0c2da8042620a36a28906670325ba2c406c4e507403f010771177419ff00900371c003b0b2616a41d15e21e881539705f89d984f45e0080c009d154016a1d01ba67c14404c0a10f239a030c10171602e5a0065f13d27001042e2044222f82f2b985584b30b33774e4e80d951c108513b34315883a1540240a7fbcf6bb9177b550067757aab8ea867c1fe400371c002919c0e6a86493883940444c88229982c34a85208b8642a4100bc05c24287406eb241cb7026a8e0400828488f4917f8a5460e4572149981788c6a4f24443401c221c8e4b012e032f264c0c488f520aa736374d21532e57a22f9aa820810441c3845f18166e03c997c0bda24750f6bc942f28080c40fe2003b85a1102ba42313442636548db3ca101239aff31ed6260a0880410405dcd511be642ec011300ee2f09d106d1034222ff31e97f84f4be40b1221c00ec23a2c4238ee6b06b93b319aa06a4e60a86267199801f6aae526c8c8b926af0a588fe20fdd0a8a37418eafb229122ed40c8ae58b06a991cd760dac7c05ff00d0000770b416c03a840f82a88c62742c80a22f521548175eb984a25803b5fcd6802707d5b017804ceb0b24f33744711290e548c9500a040c270ec014e05a368fb200083ef50c755708fb0194265113f503429df06d61f067c2801c603b87087b424355820407608ac212b58040e41dd40708ce2062808d56466026a3019c0cade648b9319b602605a55118cd081298805cb137a82464b521cc109dcf380aaf00554002068a587c19ff004000ee1687e039820ff641000200010019c0371c0073675a4cb8a002999526249649888e35438bbca2e419899c4cc5028561cc457922dc35312ec0e08080507b56587c19ff004000371681ec1ecbd46932fd4912e9223311414a47e61ed6a9c9ed7a40bfcc58ff00c40770e1060413737392c57a88eaa4956430d601c134b950c8e6822c9411d551eef8a748382ec3b7fc20000000fc0006c033502802029a829bc03f100150d1821ed7e25ed17a001b02e28a0f22eeca481c5484892e3252e184704d618818298a32dc622c6807e85799aa419122aae64c0bb9a0e22c9077588891ec0aeac813cb07b5e483dadc31e56c80f217c80e8a094b8f808080f61fc40001ff00e20000171872fa28101515775cae025c880d86393070080222d57884ff00d41912d2354cb0443a882580b908e50458d7644007757b132866e9ff00200000003132c3a70814020518461bc26200803e88bb88bf19391c8445f4b2eb1a011e46c03c82725e580c4013366325832d1121de15a8b820861c883af305804e65e85e11aba700bc9a3e4cc81909305b1ada0f61ed09fe0801fe297e24bfc97a5eb17a5f10f4be21e93f80907602c22636e31098333378f4e82984033b9c2f29407340ec25d432b84f874e603d66542aab97a656d51bb410b8051810d151c8e882302af0aa198301cd98a0c732603dca7233090088b9e96666750b4131ca2914019cd6220e16307cc07250b9521b2736014187e0a081806c21ce645c61a890eaa5d22d038140020002e1e01ed02212c010038401a8cb7f0020128031e51e15412831144c646a33da8a8a88226217960c40a0b0d4e626486356bd78b9122288b84705ee0dc4bd519b722975444c4274e9ff0082240703097150462ae21f99099cc7afd6f59164c2f214858c5127513d701426c44da88b618985e23d15d5004bc4f73952e623050e7811a3b62808268992fc62a5c8a07bf72d11756e106d000fc0c2da149014b5164cdb6f65556a34e189109e9c9d681517eca84bbd54918c17015f40af21d1ba722200e395d422c40ee0a10cbaf91b39e360035603f143380a0111772b95c7ac01c32aaf8879d881f0886c20101264f1ccec6290d020528e4df37e809ead2ca3c7f01812e41d5013552f1b9810630bf750404f8955408e3e0ac4248531001a1ba54302e210e689809c829c1f34eb9207a2c09b8b00ccc713ac173333bc0b60b6f4a1c562d8a94ce73b8ad22690ec28392e45af938040414b983c8e6ccec400620a84860c88b8a2f5001e17422efd6168ca22d8bb314d92408bd8f7053891b982146378204cc4b71d4a7b324ecd448991099d10455506351d8a0dc40128e69df1b2c10f5c5dce8b525d60011201988014333d0c4ad509889d01245830fb4cc4d6c01334113308d4d082f37ab909708173284880a3a08c23362a53289cf216e7609c00cce2f40672407b32836a067ac2ca017a184620ceaa62265e2f1603ff001393e33405f239cd36401ddd765b06c1110c406f4f9c86a2bc020c42ee01cc1dec07f92e6c0b4c493d66893932c5c8c1aa3a1ecae317468bdef182c44b8935404841753364ca0c5b800e4c444de404c621068ebc16a15dcea3ec0a70366551d9c9bd4b25af6b10ae4620002e4eaa100aa6102d400819749032c635ecaf605668527c2fecb24988c00bc0f220c834600492045ae4dc4a7134b9912058c9541a0e1d0bde572c5c593f832852a23343a7581ff9059c02ae10f430a1c42e7f61c03a837534eabe14cb0013902b8106ea50c3d0bdc8f9e6990c390b80ec11099b81cefa204cb8926238b28240106663610cfc44335e9036b184ee403b20051324a403aab8899add827035882045ee9d8166e02040ec0101409d01dfb00b360cc9984b1a0cc0f58aa2464cc4535e4551d48080bb0098ce340e6c818850c9a0b828b486283310c1968649896c621071ee0788b75d0401e6576010765c8c3f591247ed081c2074e9edd8b06017c5e106e1273b4730375ba960160077102fad40c0f650e0e56cb166932dccb2f2a0d951c49f325a2e8caa54b223e32e8bb9008908bfd44f84a03c18dc4243b7548664110c499cdc18019a7313b810eaca81171e426686bb450e19783dc162c6524cd035d49a3dc8840bfe704c920032973b897350106caec127886324b0c115228c7f36755302ac2362528094c305c0940ec107c20c886a82ebdd8a96ee2eecb9201c2d091f125fa47b5feabdafd297dc97c49508ec7337654614c8328cf6045ee09d43bd83133c1730b94687f8b1e506a03ac0419246abe40e88bfa2c8c553c2fc0b9022aa5ba1375e498ecea4f18309eecbc318f0b9b80c7ca97c81c087332c102e4c444382857985f25711e434b9c9538100e69a27d42a8af000008de11e53022e6a1435d0f0af2dc0e338b00ae02c001d7552649dc7457a263a175009c8c754f0405f4078004d4d4c5dc80b16243a197c22e4b133408399b00dcbf0b0024a85c9819907301d8bda53c000c256e68f5042ea91e2216485bcc1d4999460ee645e402036301e516109917b01578572250e00b9abc008d528101e5f5710203330e0ddaaf80ad17e31752a4b29e6720af320251c8cc185264c14011b83f84f90c39102e6059d50802a99c3c9025a4b3a720787ac86579da04f32f84a0500d8af00a277505820018d20a0f20985439239b2e60303765d0848f6057eaddee1740a101b3aeed73292c0128e381eda80a8440c88afa7209c485cb623d656ee819b06b7b2a399c669621c29602e06c8940e06ee6814321ea0148e5120d1be03a964c2c00f2ec23ba77253b5830130bb97ef32bf40a8ba13a6401738f7540857c1d5e41748ca48086a903d009b0b1ee80c9101c28bffd9, 1, 1, 1);
INSERT INTO `producto` (`idPRODUCTO`, `Nombre`, `Descripcion`, `Stock`, `Precio`, `Foto`, `INVENTARIO_DETALLE_idINVENTARIO_DETALLE`, `EMPLEADO_idEMPLEADO`, `CATEGORIA_PRODUCTO_idCATEGORIA_PRODUCTO`) VALUES
(2, 'Sillas', 'Sillas de comedor con patas de madera o hierro tapizadas de diseño moderno, nórdico, clásico y funcional.', '100', 500, 0xffd8ffe000104a46494600010101006000600000ffdb0043000201010201010202020202020202030503030303030604040305070607070706070708090b0908080a0807070a0d0a0a0b0c0c0c0c07090e0f0d0c0e0b0c0c0cffdb004301020202030303060303060c0807080c0c0c0c0c0c0c0c0c0c0c0c0c0c0c0c0c0c0c0c0c0c0c0c0c0c0c0c0c0c0c0c0c0c0c0c0c0c0c0c0c0c0c0c0c0c0c0c0c0cffc000110800c8019003012200021101031101ffc4001f0000010501010101010100000000000000000102030405060708090a0bffc400b5100002010303020403050504040000017d01020300041105122131410613516107227114328191a1082342b1c11552d1f02433627282090a161718191a25262728292a3435363738393a434445464748494a535455565758595a636465666768696a737475767778797a838485868788898a92939495969798999aa2a3a4a5a6a7a8a9aab2b3b4b5b6b7b8b9bac2c3c4c5c6c7c8c9cad2d3d4d5d6d7d8d9dae1e2e3e4e5e6e7e8e9eaf1f2f3f4f5f6f7f8f9faffc4001f0100030101010101010101010000000000000102030405060708090a0bffc400b51100020102040403040705040400010277000102031104052131061241510761711322328108144291a1b1c109233352f0156272d10a162434e125f11718191a262728292a35363738393a434445464748494a535455565758595a636465666768696a737475767778797a82838485868788898a92939495969798999aa2a3a4a5a6a7a8a9aab2b3b4b5b6b7b8b9bac2c3c4c5c6c7c8c9cad2d3d4d5d6d7d8d9dae2e3e4e5e6e7e8e9eaf2f3f4f5f6f7f8f9faffda000c03010002110311003f00fb6bc491ff00c49eeb8ff964dfcabe25ff00821f0dbfb057ed09211d7c57a81cfaff00a3a7f8d7dc9e22b6ff008965d7bc6c3f435f0bff00c112e5fb3ffc13c3e3f485bef78af513cffd708aa9ebccbfbbfaa149d91e99f0835cd37c3fe378ee3526852dfecd205320ca86e3f9f23f1ac7f8c5afdaebbe26ba9ec447f6252ab188e3d89c0192076e73f9d72e75055dd960c718acfd5aef7698db641cb6719a5cba19465a9dff00ec8de34bab2f8eb6fa4f9cdf61bed9218cf2048b2c60107b704838ebc7a57d3ffb3947ff0017c7e3a9ff00a9b6d00fc344d36be41fd962dfedbfb4a685b0ff00a9911dbdf33c4bfd7f4afb17f6708bfe2f0fc716f5f195b8fcb45d32ba631f757a3fcd0a32f799ec56d195ff00ebd5b44c0a8e15c0a995770a98c7ab34bb2396159432b00cadc107a1a816d23b5f9218d63566c90a3009aba63c01fe73516df9b1ef571809c8e8fe1fc6c6fedc7f7a4fea6bd3991a2bc841e1960707dba0af37f87abb752b5ffaebfd6bd32fce75253ff4ce41fa8abadba338ea685ec7fba8b8feeff3159fa9c79ba93e82b5af5310c7ff0001fe9546fe306edbe953102a69d6db2da43eae4fe82aeea316f45fc3a536d62db64ffef1fe5566ec6615fa0a6f70479b78e6c3cc1a91c6710903fef915e75e0ab1315f5b7cbfc6bfd2bd6bc5b69e647a8f1ff2cdc7fe3b5c3784b4aff4fb7e31fbc5fe62932e1a1ecfe188f370c7bf987f90abd75160cffef7f4a8bc3b0ec9ff00e067ff0041ab975165ee07bff4ae73520bcf96da6ff6715e7dae5c67586f72057a2dfc7fb9b8fc2bc9fc73a9ae91aa1773b46f039342570b997a44c1fc51707a703f98aedf449b0157de01ff008f015f1ae97ff0546f83b6df132fb475f115e5f6a0b3a5bc3059e993ccf76ce370f2405cbae3186c00d90577039afab3e1a78b6cfc6fa069bab69b70975a7ea90da5ddb4c8c08923720ab0c71c835929464da8bb89493d8f49bc855d24dcaadfbcee3fdcacad574f8deeee8f930edf248e631ed9ad89f9320f4987fecb49796a1edae24efe530ffd06a251299c0586956d6fe251fe8b6ffebd7ac6be9f4aed92d2c63ba5ff0045b5cac1d7ca5f6f6ae660b6dde348e36e86e541fc9bfc2bb88f4c8cde2f1bb7419fe55338dda118ab6d66f6c3fd16d7b8ff0052be9f4ae56fd201e21d59a3b78632b6f181b63030779af404d163fecf46c7cde5923fef9ae1755b4f2fc53ada8e9e5a018ff7ab5a680cbd4e5793596e9b7cd18c5286dd2c9ff5d07f5a96f2db3ab95ffa6c3f98a647164c9ff5d07f5ae9e503f1f3fe0a9576bff0dc3e3df9776d92d7000dd9ff0044839af9cec90417bb66dfe52a976d832c00f7e6bdebfe0a7f1dc5c7edcde3d9166d812e6d86081ff3e9057ceb2dcea165acab6db39a1db80de510ca7d4fcdfcaaa71d4c65b935feb51db59b4f1b2b7a01202e01ce3031cff9e2b8bd59da7bd9ee1b02599b7303fc39c7f9fc6b5b52b091c3cd23aa48ec494f2c60735e7be29f1ddc68bad5c4296d0b242fb55b772e401d7247bd65cac77d0d9d4b4e6925eed91c00d851f4aa32e8e90c6d197efdf922b1ecbe21ea17c65924b55b68baaefdddbb0a9ec3c45fdb7a9436eed0f973308b7c67e6563d33ec0e3f034728b98f5ef85561e6781ed5b6f4327e1f39afa97fe09a9f146dbe1c7c50f116977d32dadbf88f49682391e4db1a4d1b06524772416c1c8c77e338f90fe18f88ef0780ecd77436e583e3f74cd93bdb3cfae6addf7882fd1377da2dd91b3ff2cb701ff8f544a9f32e5279ad224fdad7c0fe3c1f1afc4320bfb687c2dadc92de4fa9da6bf1aadf5bb470c22048e30ea191e26918ca30c8c572b85cf92f83be1dfc49fd8bf49d2be3df80e0d5351d374cbf92ced35b6d392e34e6223fdf5a4c50b09018ce4b2eddaa490548057b2f107892e35558e19a48e5b585f7ed3115573823919e873c8ef819ce2bf49bfe09a5fb18fc32fdab7fe09e6b67e3af873a4f8e197c4d7c6ced25730dc48c90c02348ee03ac9172481891506e24d79b43298c7f7737bf5eba2d2ffafe854a6e5aa3f1aff691ff00829c7c52fda83ecdfdb50e85a5d9c539b865d1e39a1904bb4012ee6918900e4a807824e72718fa0bfe0dd4fdb6f58f84ff00f054cf04e8faf6bda85de8de3ed2cf8140bb9a4956dd1c799a7c28189d88b7291c48a385599b039aec3f6cff00f8236eb3e02f17dd68da0683e13f875ad437b6ff0067d05357bcd5218aca704acd2dd5c4b2492b6fca22a47196db96552401f2dfc7bfd897e207fc13ff00c7fe1ad6350b6f12786eefcc8f58f0d6af26989f65bf96168e58e78a4595b0a252846e1bb6ba128339ae6ad859eb08db656b5eda3d346bba5ebb9b53a72e6bbfebb9fd5778c753b2d0fc34b0ddea9636771e4178d66bb58e42a149c80cd9c601391d81f435ccf862ea0d6adadee2d66b7b9864b470b24520747e71c10707bd7c07ff000576fda6f45f8b7fb327c2cf1258c30acde3bf075bebc8b0dc4405a070926cc142ee14b4c80ab81f291839afa43fe0983e2c3e37fd9c741ba921b88f7dbde796669d25c8599c120aa28c6e0d818e30793d6bd3a728384651fb4aff00932791a934fa1f5569aacbaa694c187fa845fc838ad2d52f8bc974b8e36ca33ff6c85655a1d97da57f77c94e9ff02ff1a97582c93dd67fe79c9ffa27ff00ad444bb68796fc49d35751d2bc27ba5761069b708aa3b664af9afe2fe8b6963346ad0ac87631cb484757f415f4b78bd5858f87fe6c8fb049dba7ef2be51fdacbe26683f0d2f2cdf5ad4069f1de27970bb23b2c8fb89db955233807af5acdd953bb764694d5e563d335f87fe25771fee376f6af82ff00e0895e1ebaf187ec05f1b347b11fe9baaf8b7508611fed3430e2bf42350d29afaca58d70acea5467dc57c4bfb197ec33fb45fec61e0dd73c39e17f197c268b4dd73599b58966bcd1ef7509d5e401401fbc85400aabc1079cf38aef8eed3eabf54612bdb4246fd85be2448edb6166e30388f07f3907f2a75bfec07f142e02afd96cfae7f7b708b9fc89af68b6f847fb4c6a857ed3f1c3c1ba6af7161f0ee2623e866ba6fd45695a7ecd1f1b2f40fb77ed29e2c51dc58785344b6c7d375bb91f9d6b630f66cf3ffd9c3f62af885f0dbe2c5beb3ad59e9a96714b6edbe1bf49182accaeff002f07a2d7bd7ecd4a1fe27fc6a6fef78d907e5a36975c9db7ec53e2ad457fe269fb407c72bef5fb3ead67600fe10db2ff003af52f809f00b4dfd9f7c3ba959d8ea7e24d666d62fdb53bfd435ed41afaf6ea768a288b3cac01202431a81d0051569bfc2df8aff22a31b1df42b97fd2ac220dddab3e4d6ec74d5f32eaf6cede3fef4b3aa0fd4d645e7c69f07e93febbc45a4ffdb3984bff00a0e6a79a2be265ebd0e9586e5fd6a3eb2fe35c249fb50781beda215d6d5be6da5fc893627b9257a5772b22cbf30daca7041cf51eb570a9196b17733716b73a8f00616f6d0ffd34af4fbb19bd8cfa8907f2af2ef01ca16fec738fbe3f9d7aa5d3a99a3f947f18fcc5556f89134cd1bd19807d16ab5c43bee8fd09af9f3f694fdb3b5cf85b7da959e95a369eff00d97218d9ae77bbc8aa465800540e39efc5783ea7ff00052cf1f6b0249ad6e34bb3917e568d6cd182ff00df593f9d79af1d4a2ecdea752c3cf73efbb58bfd15fea6ad4c99b55ff747e1d2bf30f50fdb67e22789a7916ebc45aac28cdb55219bc95fc9702bea5ff82787ed0ba87c46d3f56f0d6b97535d5ed8a8bcb596762cef193b645c9e7862a7db71aaa58c855972c42745c55d9edfe238d56dafddd95176b8258ed1d2bcff0047f17683a34d135d6b1a5dbf96ebb95ee9372f3e99cd717ff050ef0b497da2e93a86e6fb3879ace419f943300ca71f40fcf5af95fc0dab4d73632594d33335ac851589cf15956cc3926e958b861ef153b9fa59e04f89fe1bf17eaed69a56b1637d72b97f2e273b8803923239fc2ba5b95cbcdeff00e1ff00d7afcfff0083fe329be1ff008db4cd596472d653a48c01fbe99c32fe2b91f8d7e80c5711dfd9c7710b8920b88c491b0e8cac320fe46ae9d4e78f30a51b11de27ee2e3e82be70fdaf5b5a4f0e5e47e1cb8b1b4d724565b29aee332431cb8e0b28ea07d0fb82383f4a5e0ff479bdc7f4af92bf6f6f8e3a1fc07b2d2b57f11477eba45cdeb5adc5cdb5b35c2d929427cd9154122318e48071ef5b46495db3396c7e275eebadf0dfc76d6fe20f0fd9e8f721e0d1ef6e2c45f2df6950dbddc630ad2485216d888a8ec8e70b102482e6bf73bf627f15789bc65f047c3da978b228c6a5716f6b20b80dfbcba8cb9daf2a801564da06eda482d92319c0fca4fda1be28fc17f1768171e36f85fa5cda678f6f353168d6cf3476335c432abffa47d9e46259a5f342acdd53667e5da33ef3fb03ff00c151a3b9d0f4f3e32f1d5abdbd9dd2cdfd986036b70f136c56841c309442d2b6c89763158896da138f2e9d6509494dad766b6ff8733a6d291faccaeb3cd26d6dcbe7019ffbe6acdd7fc82e7ffae6dffb2d65786ae6eaf66be4b8d26e34c4b59912232bab7db14a2319001cafcc5930dcfc99e84568ea57f6fa7e9570d3cb1c5b95946e3f78e16bb2edc533a25b9cc41067c6b1b7fd3d03fa3576705cabddaaf20ac183f98ae374ed5ed67d55af3cc5f2564df96c8c8e47f5eb5a173f11b4fb56dd0dbcd70bb76b3229da3f138aa941bb58cdc923a48883a7c63bf978e9ed5c95ed9ab788f5466e92796a38ea49e2a38be36e971e991c8d1498fba307b9e00e9d49c546de3eb193599a26818cd372013f28d9c9f9b1d455538b5b8f9914eeecf3af0c0ff96d9fe55566b6d96b337a1fe869357f1f59da5d9ba30b7968fbcaef1b88ab1ab308b4cb93ee0fd7835d51b3d8574cfc4dff008298ddf9ff00b717c42f9b0ab7d0a9e71d2da115e06f235d4ab1a091db3c6d3d7f0af65ff828bde3eb5fb7a78fb4fb78de6bcbad6d2dede38f05a5768e255503b924803dcd7bddcfc23d17f62cf04c7a05af886e9fc63a947e6ebb7b6904263e40c5b2bc88c7cb460c78dbb8e59bf85573c562234b7269d2737a1f9abe29f8f3e1bd135dbdd2eef5ab68750b190473db90dba36201c1e38eb5e59e29f8bba34f7f33c579e6112b6182b61d73c1cede98aed7fe0a93a96b1ad78fb45bcf0dcd2cde24b84717b7ba65bf9525cdaab9f27cd0bc1218b027be076c01f3addfc52f8ada3dac23ced52d80ca2492592ab4ac3a8c95e71ed59c2b29c549f52a54b9743d207c68d1e18db7ea168564c0d84fdcf7ce2ae780fe26f85e2d49a6bad6349b58edff00784b4ea9bc8ce303a963d6bc6e2f89df192df5359546b972858379725a651bff001d1fa566fc54b9f88fe2eb9b7b8b8d3bc450fd9d0e4c2af83b883fc1d71c0ab94d2d09e5b9f5b7c34fda03c2fa6f832d219fc4da15aec32732ea10a95cbb1e54b67a1aecec3c41a76bb6e9750dc59dfdbdc0dd1cf0b2b46e3d54824377e457e7b7853c3fe2a7d6e39b52b6d796ce3473235cacbb002840ceef7207e22beb2f81f3c23e13786f7b347b202b98dc71f3b1e455d395f433a94d2d8f46babab489f746cb280725578afd70ff0082326b971a5fec136b71a69db790f88f519edd587591040429f62cb83ec6bf201b58b0980dcb0c9263a30dbf9115fabfff000480f1325afec4fa5c6bc2ff006f6a078cff007a3e6b4497347e7f932799d99f34ff00c17abe3bf8bbc53fb4dea51dadd7f61e971e8163a9e9e635314d77fbc0a1e3906198001370248196e066be29fda4ff00681d4b53f823f0d9b58d3f50d62e6e74cd6afe7975f924905ccf772b5b9b88d721484f2b723632180ce768afd48ff83867e1ee9be2dfd9c3e0c7892582217fa7d9eaf691cf8f982c6220a33e9f2f4f7afc8ffda8ade7bafd92be15ea5757935e5d1d23548221248ce60823be0235193c0cb3f03001cf1cd7838e728d5972bded6ffc957f99f41878c5c17a3fd4fd71ff008363fe2a7867f6a8fd82efbc07e24d17c39aff0088be13eb726970cfa869905d5c47a7deacb3c20348a5b6895ef1700e00c0afbe7e1df86acbc11a847a6e97696763a7d9c3730416f6f024312a866c00aa001ebc0c649afe7fbfe0d84fdb12cff65afdbceff4fd6ae1a1f0df8f3497d36ec80302ed0acb6aff0052e1e21ff5debfa0df06f89f47d67588ee16f638d5d66770c8d88f792464e315d381a6e319c25d1e9e8f5ff81f23cbc43f7ee8ed2c8b48da4b7ac699c8e9f363fad696b366aed71f37cc61938faa114dd23ec77d1588b5bab6ba31a203e5bab15f997a8078a9bc7161169da6cda8493792a91b79849c2850a4927f5ade5a2d054f5766799fc48b05b3b7d0957398ece58db8ebf357e5dffc151fe28c5acf8861d223b35b1fb369b24eba8ddd8ee92e0ab90d0c0d92f1eee85b6e0827381835fa3bfb49fc4fb7f05f8274bd5ec66d3f5492e2d5e4b5805c366e5460b6d08acc4ede718fafa57e507fc144bf68bd27e2a78ba3b2bed17ca8ed6d962b632ccd1bbef672f903e65270aca4a81f3739c803cdc6568fd4db6ecdff0099d7868afac5a3a9fa7b1c6a3156923c0edef50c6bc7e42aca6597a57b51d59c64888a1fa0ae6bc607598f4dbc96cf50782421c5baf96988db1f29271920753eb5d4c5c3551d5605923910aeeebfaf35cb984a4a2b95d8db0e9395a48f8f3e2ffc6ff16f8766f26f357d424327659d947d300e383c7e15c0cff16f5bd514f99aa5f4cadd77ce4d773fb5ff0087dadaee6711951e6120f7c373ff00a106af19d3cf9510c6d61c13ed5f3f2ab36ddd9e92a71b688d6d5fc6175763f76f333aff001173cd5ad2bc4934b12bc87616193b8fe759ab3f0385ec6a78baf4c54abdee1a1a2755698f98acc0e7a9afba3f655f884df117e09e93733c9e65e59036339ea498f8527ea854fd4d7c13f7471debe9aff827978b561bbf10682f263cc54be850fa83b1f1f9ad7ad9454e5adc9dd7e5fd338f1b0bd3bae87d81e0c6db77667fbac3f9d7aa5cb6d78fd779e9fee9af1ff0edf0b392d73d700d7aa6a777e52c2c7773281f9e6be8ab47547934eeee7cf5fb73784bc9f16477bb7f73ab5926e3d8b28d8dff008eedfcebe12d4d7fb23c53346cb85ddf30f7effad7e997ed8fa07f6bfc26b3be55dcfa7cc809c74491707ff1e0b5f9c5f1a74e1a7f893cfced590827d7dff91fcebe531d4f92b7a9ed61e5cd4882131960d81f2f538af67fd8cfc6d1f823f686f0c5d34cd1dadd5cfd8a624e06d9818f9f6dcca7f0af08b6bf52a39e47435aba66a72dacd1c91486392360c1978208e8453c3d450a8a5d8cea2bab1fa6bfb5bf834f8c3e05f88a18d375c58c7f6e88019398be66f7fb9bebf38fc29a9b695e359add9b1f6805bd89079afd3bf83fe3387e31fc1dd0f58b8db22eb5a7aade01de4da63987fdf41ebf307e2ce8927c3df89125b4b912e997af6d2fb957287f515ae691e4ab197c89c1eb0940f57d0b558e5c74dca38c8ebcd7dc5fb26f8d3fe132f83360b236f9b4a7362fce4955c14ffc7481f857e7df84ee8c88ae33f2f03dc57d5dfb0978ba4d3dbc5169f7f6d90bd8e327019a3247ebb80ad70751b7caccea44fa7ae177db49feee7f4af05f8f9e10b0f19edb3d4acedaface595d2482e225923906070548208f635ed5e276d4acfc2f7b259c96e7508e0668b7c45a32c01c64641db9f7cd78dfc44d71752d1b48d51b10c77e639b0df2805d036335e846dd4c4f8f7e377fc1303c11f18fe24dc7881a1b7b7d5b529a3b59a279e0b782709b4468aaf1b26739dc71b88623273816bf633ff826c7822efe26e80bace996fa9691e05d27fb3a38ae2e2051732c57524ad2cb6d181b1a6691c84cb6c8d163677040afa5bc09f1df41f075e6b96f72d2de34f21f2440a1867046771200ea39073c566f853f68dd7bc69e2186d750b1686e1dcc7135ba708393f39c92aa47392003ef5cd28e1949f9fcf52bd9c9eb63d724f8fdfd9b67e2cb9d474b586efc3b23c7e4c375e72dd20556460c557693bb05482415382454de22d7664b0b69752b78ecee268d1a584bee589ca8250363e6da723a76ae17c77acc89e23cc3a5c6f0dd4b64f71b7686b806f577b6072400096279233db9aea34ff889a5f8efc2324d776ee6165ded89407396ce476efefd2ba63382b326516574f17697e55c5c49347e5dac5e6b1c8e390abff8f30ac2bff8d3a25d4f730dbdd2acd6e776efb46edeb900f604751fad430e851dc0f2f44b6d3575ab9b211bc970a238af4305906f28a76b1c2e48538619c115ce5a7c19d7be28e83709a9f87f4df0cbab947f375037125c6c7232364602a92a082492462aa5522de867ecdd8e857e265bea2ea915c9998b65515f71c8e781edd6a0f1978fadfc29716ebab5c2c324a048226943c88a4060597395e082338ae66cbf628d41268e78efeca378cef468af2746423b8200c5786fed77f171bc1df1c3545d6156c6ee197e58e6e54a636a952c30cb81c1effa56388c4469c798ba58773763d697e31e87adceb0dc6a96b67e64a1009a6556c6f1c8e483c72057bc08cf8964fb2c6ef1a4cc0b3ec3b91029cfca7bf18c1ef5f8f7f113e34e9bfdbd03da5e46936fc2f92f97c9f4ebf4f5afd17fd8dfe21683f0c3e16e90d7d1dc47af5fc3e65fc4fe6c9348d862a58b1386dbb7238c73c718ac70b8e8d46e26f53072a6ae657ed21a1780be046a1ab6ad6fa4e8fa778835876bb96f934e4b8bf9a6c70ed21566e001dc2a8036815f09fc78f885ff00094e87a9a7f685bdd25dc4ea5b212642c3195e3ef7e7d2becef8bd75ff000b0351babfd4912e66959b861958f3d80ce38000fa57e6bffc14c6c2df41d7749d174c87ecb35c48d70ed11dacd1e369538fe1271f8afd6bcfc46239e6fb23aa8d1715bea677c32ff8230f8cbf6a0bbf0bf8b35bd7fc3367e0bbad0c4700fb6ccba88904b2e59a31095c1e0e37f4eb839c5bf1effc1b95e209fc75a6c9a278ebc277da02a9170b7504b69344fb7ef054470c339ce0e4f06bedcfd9bafbfe15cfc03f06f8766948b9d27498239813cac8ca1dc7e0ccc3f0aede2f1db34ea3cdf5efed5d54e09c15efb2396537ccdf99f016a1ff0006f5ebba26b315d697e3af0edf5aef24dbad88b79a11bbe5c3ba157c0e09f949c702aaf89bfe0dfaf15f89fc32f35f7893c273ea319263b4b1bc9ade464e4f9627683686238c95201ef8afd0b97c6ec226db373f5a7c5e33618fdf673c75ef54e1172bb6fef279da5647e55e97ff0006ec7c62b9f086b1e56ade05d0aeef82886c6e7c417374a5558901dd2064cfdde400323a0ac9f871ff000437fda32c748b3d1ee7c3fa0d835845e59bb97c436ad6b21c9e5763b39cfba03ec2bf5dadbc6a1bfe5a6eee067a0ad0b4f1b6623fbce73d057446a72eccce51bee7e41ea7ff00045afda32d35816d0f84ec6ea36603ed76fe21b210fd7e6955f1f55cd7e847ec31fb3378f3f658fd9674bf0cf886c74ffeddb4d42eaea58a3bf5955a391c152245046ec01c1c7d6be808bc6a032ee7e878ae5fe3b7c38baf8f3e17d3e3d27c61e25f03ebba2ddfdaf4ed63479937412942bb67824062b981813ba1906d380720804638ac54e14dce2ecd6c6b87a5194d465b1f26ff00c165fe286b5e2dfd993c25e1dd5bc3fe28b593c3d7d78da7dcd94292d8dec57033224cccbe60951c0015000c873bbb0fc8af8fff001526d6bc09e1cd063d0757b3b6f0ed84b685a4825fdfc92dc34f24817685404b636a80a0015fb5ff0011be3d5df8174f3e11fda73c27a3dbe83712886d7c73a5c324de18bf73c2b4e3266d2e63ff004d18c5d71301815e4dfb54ff00c13561f1e784a1d47e1e5fd8ea96fe4096decee668f33c6df32986e3fd5c8a41182e54631f31af9fc4e2aace5ccfb6df3b9ef61e9d38c795fde7c19ff044bff8267f8e3f6fbf89be28d57c23e26d17c0abe037b1be37dab5b1bb67ba170b2c11adb2c892153e4b167fb836ede4b607ecc6b7fb4b69bfb355c2e9777a7f9da8ea97736969e57c90a4d02b8c1c0c60e30a3001af9c7fe0833f0db52f809f1efc7b1eafa6dee8b7d269f1db4f6d7501b776c3960403d475208c83eb5eb5f1a1b4df146a5f12adf50845e49e1fd421f11e9703c9f32cd1b90ca848206edf9200fe1af6b2cace7439e5a36ecafe5b7e278b9851b56696cac5ed17fe0a07a6f883c676be4c76b1c8af8282f3cb9236e80678239e3d2bec0f809fb63f85fe216892e9baf6b76f6f3bc6536ea52abc4f918c79a401dc8c3e0f071c57f3cff15afb50d67c6b79796f0ff67ccc40408e7e523a1cfd4d767fb5bfed35aa699e384bcf06eb17d66c252d2490acb0b49f28e58322e72727915a471576f5465f5771b247ebbffc1493c271ea9e1bd1f58f08f8834eb5b51692e9d3476171e6a8dde63602a6f003af070142939afcb8fda8fe046b96badf86f54916eaff00fe120d3ee225790c72aa4f0c8cac376e055800982fc0dc0020735b7f037f68dd47e32780b43b5d5f5a96fb5d684dd5cc66d8c6b1912320c48235524a952402ddf9aef2fb71f1ce94ba84f1dc69f1a468f15c995a1843372f8539e3a9c7271debc7c75484bdc7e5d74dd3fc8f4303464a5cdea7e984209356603c7b75aad1026ad20c7b71c57d4adcf2c9a01f3547a9c5ba327d462a5807f153ee1736c7b6deb5962a3cd068aa72b4933e77fda77c12baee9ad3601f918648e72391fa6eaf9365b25d3ee5e1fbaca70771ed5f7a7c56d2bfb47c3f74aabf322f9ab9ef8ea3f1191f8d7c2bf15ad5b4af15dc43e5edda4a9e7a8cd7cdd45caee7ad1d7445586e8062b9040e2a4fb60dbf7b19e958705d60f515652e32bd7e6eb59a917ca697db368fbdd057a2feca9f107fe107f8e9a0dc3b6db7bc9bec5313d36ca360fc98a9fc2bcb44877e3db8a92caf1f4fbc8ee11cc6f010e8ddc303906b6c3d7f6752353b322a53528b89fac3a4c1e7cb6ebd0e057a8f8915a3b053e636d59a33d7a7cc0578ff00c25f14af8dbc29a1eb11fddd52ca0ba207f0975048fc0923f0af59f12c99d2a6fa83f91afb6abf123e7612e5ba1ff15f42ff0084abe11eb363f79a4b02c831fc68bbc7eab5f983fb445b086d04dd95f19f4c8cff004afd5a825f334b849504344b918ebf28afccefdaf3c2cda0ddebda7aafcda7dc4b1a83cee08c71f9815f3b9c42dcb3f91e965d24ef04786e8da899e31fec8add8ee4c6bbb7579cf863c631c0ed14ac15871b4f535d0691e33825f116990c8caa925dc28e59b1c1702bcea7a9d15636763f4a3fe0995e3c875ef863ae7869a6681bc317265019bcc2caf9f308e0614480e076ddd4d7cc5fb78e8d143f10bc513336dd4a1d50348c0e1268a688488fb71f2b0218120e0923a52ffc1383f68ab5f86fe26f1536a1b96de5d264b79e6653886e0dc2edc8ebb76ef2481dbe82a4f8d1f143c1ff0019be326ab11bad36f2f904715dadbccb75141e5a6305d70083f27438e78af47156ad868d9ae9f8686346f4ea36d1e3be13fda8345b6834fd35e6fdfa8c4d349f2c711f4cf7afaa7f622f8a56fe37f1f6b163a1a5cde48ba15c319625db09906d644dc48c96650bc67ad792e8de15f873e145f30786bc312499dde61d3a066cfd58135d3f82bf68eb5f06f8a61d3fc0fe1966d73523e4c306951a453dd90376d091a966c609c00718cd7361f9a9c94a525f2b9a4f91af7533dc7f6aefdbd96cbc153d9e8709bd92ec6c92347584c6370cee73965230410109c8ec335f1b5d7fc142fc2769611cdab6b5246d06db72d2d9ddf928e3e5088cd16d3d300af07a8c8af5cf8bbacc3e21d2350b0f1f784f4bd1756d5ad5e6626dd45ccceb80ab2aee40ac791bd93249009dbc8f8e7e39782fc23e16f86faf6b47c3116a7a7f87efd2d755b6fb1af9de5178d5dd577019559038192180041c1dc163317521aa4adeb634c2e1e9cd5a57b9f607c3bfdab7c03e28f0cf8616e35ad9a878984b3c0e0ecfdd19cdac082360ac374ea72cd80030ec0d7b26adf1397c2fa3cd6ed0d9b6b36f2c923c48f2adbdbc91055913006d9182852361e40fbdc8cfe715bfc74f87bf0aac7c3b756fe1db8834abef0f5bda69b730dbe63db1c8f198ca8195d8e8cc402483ce0e6ba9f01fc59beb6f0de93afdbdc59b2c9a65c4d732dba11671968f0912c722895e556186258a9ddc0cfdda8e22f072695979ff00c0265876a56837f71f67788bf653f01f8cb5eb1d6aeb5df884dab5f5f2de6b32f9696e91b11bc98d41f936308c2afcd80a3af06b621d7bc41e0637da5e8ba2aea5e1953e5daeaa679225822dea8c2488249226c27257e62571b4f1b4787fc3afdaa754d53c03a4cbac69b6f3eb909cb0b046b58eec811800284660ad990955618207be7dc2c7e2969c9a3f86f52d62e358b6b8bcb19659ed2e2f645b489f603b5615013058301b81240392706ab0f5a94eee9bf3ebfa98d5a7523a4cefbc29ad4161e5ea525ec9716fe5893ceb6b29e5322b2fcbb238d1a4db8200f949c0e7bd62fc40fdab9f40f07c07c3acadae5e4b2b8b7d46d241887cd94160bbd097c8195e4ae482322bcef4afda575c8f549268341b2860c954779fcddc3fe03b48fa1e95c3fed21e14d1bf6a6f0ecba6f88b5ad53c3b633ab79d1e8973159891c9244ac5d1f322e701fa8181d05757b6f77ddfebef338c537a9db3fedd5e32d1c3c7a85f6936fe59292451d905643d08218e411ef5e0df19cf807f693f88d26abe288fc53aa6ab7d22890d8dca26d51c6103ee55007b62b80d73f601f00a2476ba7fc71f1c696f80bbef35297502d81d4ac25189fa57ce5e35fd89fc5172acb7daf78d16de6768e1b8fed4bb58e7da7a8dcc41e30719cf22bc7c76225c9cb595d7dff933d2c2d15cd7a73b3f9afccf49f8c9fb2058fc39f12ff6869fe4ae9b7178c9a7ff00c4c63b8bf8d002ca6558f054e07dfda133c039c0afb17f65bd426d6fc2e2eaea76b89b4f856069092599cf5273df68fd6be40fd9e7f66cb7f831a2b46b7da96a1f68f98a5c3349b1bb9c9e735f717c16b08f44f83fa4c918661a9c7f6f248e5964e508f629b08fad716120a327382714fa3773b31526e2a13776baec6878bef8430ed1fc232c73dcd7c17a5f80bfe1afff00e0a0f731b7fa4687e1a39bb63ca88a020943db0d2909f89afacbf696f898bf0cbe14ebbae49cb69f6af222e7efc8461147d58a8fc6b90ff825afc1e6f09feceb7de30befde6b1e33bc66691865bc98588fae5a56909ff756bd3a34f9e4a1fd58f36b4f96373d16e3e17db5accccb105cf5c122ab4be0485186df315b18e2435dadddcaaca7f2aaed22c8dfe35e9ca9a3cd3908fc0e1548f327f5ff00586921f02485bfe3e2e07fc0abb0445cff00855a8add5b8e7eb58f2ea526ce2e0f035c0c2ade5c2a8f71523784350b76da97d2ed3eaa335db416eaa7da9d342ad28fa7a53716905fb9c5c5e14d5085dba8499f7506b37c79fb507857f63e83c37ff0b0b509acf4bf196acda6c3aa18f75be9b2a45bd5a7032c236ce0b80761c1236e597d3adad15876af83bfe0e0f8960f80df0ca3ce3ccf10deb7fdf36d18ff00d9abcfcc64e38794bb6a7a195d3557131a72ebfe47e846a7a4d9f89b4265912c756d27538012acb1dcdade42e323239492365208ce5581ee2be58f187ec4fe2bf80f7d75abfecfbaf5ae910c8cd3dd7c3fd7e479bc377e49cb7d9589f334f90fac67cb2dcb290315f9fbff0004e3ff0082b0f8abf630d523f0c6bc977e2cf866ce4b69a5f377a3ee20b3d9b31000c924c2c4231e8518963fb21f0dbe24f853f68cf86b6be2ef03eb56bae6877e3e49edd8ab44e0731ba300d14abdd1c0238ec413e4617150acacb7ec7a98ac1d4c34bdedbbff0099f28fc2afdbb74bd73c7d6fe15f1358de7c2ff89d1b088786f5e750d74e7afd8ee3023ba8d88e3661c819d80576c4a695f13db5cbd7ff0045d583586a10b467859bf77b81e7a311db8c9eb5d2fed3ff00b34f83bf69bf071f0ff8f7c3da7ebf6192079d1ed9ed4f6922900df19ce3907190320d7c65f113e16fc7afd8674abb8fc2f757bf1ebe14a46cafa56a537fc553a1c383fea2703fd2027040657e17004639af569b945593d0e3a918496da9e7df15be1e45a37c41bfb368ff00e3dee19082bb78078e08cd7937c5cb0fb66a6eeca0e09e83f0afadb5bd7b41f8baf34d6bf67ba0b1a3bc7bf32c5b86770e8ca09c91ea3d6bc27e3a7c2b5f0ee9377aac37624b4b701a48a65fde2827030c383c91d8547b457773051670bfb3df8c1bc31e3a86368d5e1f2c464376f9857d33e24d763d5afe1920f3225f25548241c1c9f40062be38f01eaf0bf88e668e47568e304e474f980fe75f4ce83abb6a9a7d9cca7ef42a73f9d79d5e6aeede47a787834d5cfd7a88608ef56625e9ec05534b80b532cfc1afb83e64b8bcff00f5aa431e50aff7811cd555bae79a912e370c7e5401cfebb6a199b20360720f735f0efed41a18d3bc5476eefdde63f987de009507ea54035f776bf6e5d98ff0f515f20fed87e19cea324ca002eab20c7d31ff00b2d7cde263caec7ad45dd267cef28f2982e4f3c71daa659b66141fbb804fad51379fbb7dc7e689b1f5aa71eb1f3637658f3c77ae56749bd05d73db3dea68eed537658715cdff006cec67c63db9aa37de2375fb8c3e6f7a574b51f2df63f533fe09ede23ff84a7f671d058b6e6d3a59ac98fa6d94b01ff7cb2d7d41ae42d359cab8eb9c7d6be0dff8238f8ecea5f0cfc55a54ccccda6ea51dd0ef85963c7f38bf5afb2be2afc4db8d0bc00d3682b6fa86a9b46e56567f2d71f336de3711e99f7e95f6b4eb7350854f25f91f375a8dab4a1e66eebff173c31e06d3ade1d635cd3ecee3c943e41937cdca8c7c8b96fd2be41fda8bc16bf1b7c71adde7872ead5ad750c32cd3ef88125006e3693f7b3db9ae9a5f8763c6ba2de78b2eafbc27ab5c9c493259ea50fda9fb70909da4fb649fc6b225d5d349b5dd0e9b789b7a168dc815c38c946aae4a89aea7461e2e9be68ee7ca6fff0004b0f881ab6a4f711f8a3c1f0ac8db86e92e4b0ffc855475eff82567c49b346905f681afec1958e1d45d19cfb2c91a2e7ea7f1afa0bc75fb426a9e14b4693ed90e9f0af06478338ffbeb35e0df127f6ecb6b3495bc43e38fb069ab912b5cea3159c6e3b8f2a36f3187d54578b5b0b87b59397c99e8d2c456bf3249fcae5bf0c7c1cd73c59a36a8da9df69fa1ea36fbe1be12aac6f34b16776e2432348f8c0000dcc7df35e0ff00133c21e29bed42d57c3bad5cf86e1b1de55ecde5826ba2d8cb4ad148a187030b8c0e7a939af43d2ff6b2f0f7c5ff00083c7e1979b59d2926dbf6885bcb8c3f2a0ac5f7a4049fe35007500e335c97c4cf89edf0bb55d3ede7b0bdd524d451e63349776f6d0dbc6840724c8ca58aa9ddb5158e07d01e3c545a518d37697c8edc2cb5729ad3b1e5de29d1fe3e5b5c2c9a3fc42d5a68f66d68ae2fa6da87a65403bbdf97233d88e2b02c3f671f8a1e354f335cf88be3499a639748afda303e84735f547c1bf8a1e0bf8c9e37b8d2fc23aa4fafae9ba75adddfdd359fd9e1b79e65f9edc12c776c60c038386d8480075fa1b43f8636b35b47bad63c8079dd8febfd2b8e50c649f24a6f4f4fcd1d4aad087bca0bfaf53c3bf635f853a87c1ef0b58e9fa5e8e2ee6920992f5f51d52754bd5dc9891db6c997047f700c679248c7a5fc43d26d6ff4a920bfb4b2649a0f2668d643b590821a3cf059482460f51dabcbbe27fedc23f66afda0750d17c55e13d626f0a787dd04a742b6f36fefede58564578a491d6253bced2194e318e4d5ed37e266abf14fe0ee97af6a3a749a45f6ad6e6e0d982736e8ce7606073f36ddb919eb9e9d0774a5fbaf7e5ccffaf99c718b7539946c99e017cde13f839a3c1e15b2d4fc417da1dd788de0934bb97f34da5b4d2428c5246603117cce5581c866f998a2f99ef53e9967ae8d4748d2ee26bad3749bb96ce3bb92612fdabca768f7a1382626db9425518ae09453c5789f893e1243aceb0b2c8a66b8697cd44f2f2eed9c8000e4938038af73f857f0fe7b3d3ae2fe62b0dadf5dcacbb865892db8f5e9f7bd73ce71ce4f0d3c555acbd9c61e5d76f9b3a6b61e9524a6e4efe7dfe474f69e23d474bfec2f2641e669ac0c4db41da718faf7ae4fc6f6bac7c1d2bac6836cb6f75a9399255588247bc72257c02ad8dc782add4f232457b9783be0ee91ab3dbc97171759520e01551fc8d7a40f811e17d7ac563b95b8c60ae56419c1e3b835e853c06216a92fbce078aa3b6e7e76df7edfff0015ee3519a3d4bc3de19bc4b794c70ddc503dacb72b81f349e4b007b8cec07dbd70f57fdba3c79a92c88de0fd055ba00faa5f22bfd0f9247e6457ddfaff00fc1353c1bacabb596bdac5ac8e7204a914ea3f0014feb5e19f1cff00619ff853d796ad25fe9da9dade3324454f9330231d636cf07200219b9e38e3395558fa71bce2ade9fe4ce8a72c0cda4ae99f2dc9fb74fc64f0a5acb0e93f0f7e1a473df4be6477d7f33ea5716f818c27cc028e73823939e6be92fd9b7e3378b3e377c3f6b7f1b49710ea164df686851952c5dd860bc50c68a919c71f777600cb363359ba17ecccd15ec6d258fd9d5586edea0e39af64f19268ff000d7c2f737ecd0d858e9f6ad3dcccca15628d177331fa019ac30b2af3936eca3dadb9a623d8452505af73cebc4a63f15f8ffc33e01b39e44d4bc6b7bf64668db125b58a0df7730e3208843853fde23d2bec5f11dcc76113470a4505bc20450c68b858d1780a076006063d857c0fff0004abf135e7ed27fb5d7c42f8a37d0c8b65a06989a5e9713ffcba8b876d8a3b6ef2a172def31f5afb7bc4d7a43b0db9e39cd7552d537e7f91cf5f4928f91f24ff00c14dbc79bb42f0df856093e6d6aecdd5ca8ff9e10e0f3ec588ff00be6adf8aff00e0a85e12fd833e147c3ff08f8bbc33e249a19f41b6ba82f744fb2dd44c674f3f0eaf2c6cad990e460e0e6be7efdaa7e217fc2c5fda435c9a36f32d74761a2da7cd95c464b487f1727f4af937fe0a53e2cd57e247c6f856f66812db45d36d34fb410c10c7f245047182c5146e6c28e5b24fae79af53053519393ed6386a51752d1f99fa69f06ffe0aaff0fbf68abb997c396be2359a3e4a5fdb436e7f03e6907f3adef177fc142bc0bf0eee3cbd76f2fb4d66e81acde5ddf8c7b857e26fc28f893abfc2bbf69b4fb9756604138ebf851f15be387897c6d389aea6925dbe9ce0576ba907a9cff569f35ac7edd69dff00050ef8677da04baa7fc241e5e9f07fadb896ce748e3fa929c56c7c38fdbefe17fc54130f0ef8d347d69adf9985a3b48631ef81c57e03bfed19e26d3fc1979a2ace56deec10cae9c1abdfb33fed35adfc0a4bb92131b2dea90cc0919ebed509d3d2cc1e1aa475b1fd015bfeda9f0de79cc23c6de1b59d4ed31497c88e0fa60906b6b4ff00da4bc25a82798be24d1562c0cbbde468bf993ef5fcf1defed53aa4be2a6d49a3dc3ccde4649aecbe29ff00c145356f16f809749fecfb50822f29990905c631cd54630936a52b132a357f959fd05693f1d7c2d7c330f89341987fd33bf89bf9357c5fff0005f3f115b788be0efc29fb2cf0dc2b6b1aa1cc6e1d7220b5ee3fdeafc43f05fc5abcd13c531dd490c7e5abeec88f240feb5f7678dfe2dafc5bfd863e1bde468cb1db78b35e8141edb2d34a27ea32f5e4e7dcb4f05269eaf43d5c869cbebb06d77fc8f0db487372cd8dd956c7bf15eb5fb2c7ed8de3afd8a3c7327883c17a80486e3cb1a8e97740bd86ad183f7268c11d0676ba90eb9e186483e6ba7dafef0965daa47a74cf5feb526a763ff12c988cf0a31f99afcde15a519a9459fa14e94671e592ba3f6ebf653fdbcbc0bfb76f82dee34395b48f1358461f54f0fddc81aeacfa02f1b0c09e0c9c09140c6406543807a6f175b4d652f9d6ece26ce58ab7520f27fc457e08f84fc5dabfc3af14daeb9a16a579a46afa5dca4d6b7969298e681b18c823ea410782090720915fa55fb1c7fc159348f8e1258f84fe234965e1ff00194c161b5d4b8874fd698f001ed04e4ff0f08c7eeed24257d7607345517254dff33e571b94ba4f9e9fc3f91d67ed4dfb1ec5f11f48d4bc61e1fd52e742f1769f78c4dd5a92aae248848a1c0ec5a29c7191d8a9e95f28f8bbc45e348fe1f788346f1ad8dbc77d6a23482f615dab7a9bc1de71f29e9d571d7a035fa1de32967d3269edbe655d5ada4b6dadc2fda221f6a8377fbc6192103a1373ee6be2bfdabe0483c3d78630ad184c2123965de304fd54835ea62657a719afeadff00f129c796b38bf53e4d696fb44bd92e2d76ab1186ce3e619071f9d7b37c04f89937886d0dbdc5bc4b2c5c2ed6f958673903b77ef5c8782bc010f8e350d4d269a6896ced45c27960649de179f619cfe15ade07f035e7c3df1a5b948e4b9b56668fcd898328cf233c645794a2a5b9e9caa6ba6e7ee9c7abaaff17eb5226afb8f51efc57376c5dcf2735ab610b11f76bef11f286cc17acfff00ebad2b35697dc566d9db6d0acf855f7e2b4e0bb48d7e51bbf0c53019ac5b653d1587e75f34fed5da1fdad11d483fb9653ff01208ff00d08d7d337d2fdae0dcf8c2f3803ad7847ed4769ff1248e48d5866429c01c6558ff00ecbfad7878e8fbccf470aee91f00f8a6edf4bf10c96e3f8b24f15cec9aa4b15de0101738049ed5de6afe0cff00848be25ad8cd74d6ab70acde788bcc2bb549c6323d31d7bd6ddbfecdb13fcd0ead6b263f8a680a9ffd08d7cce2332a745f2cb73e870f819d55ccb63caa39ee2f6552819bb64f02afe91e169efe7559265dccdc0535ea51fecf5a921dcb71a4c83b0deea4fe1b6b6fc27f052f349d52192f21b378d48c98a5dd8fc319ae35992ab35172514777f67a846f6bb3e8efd897c21e20f85be0e54d274cf0d7917a04b34c19d6eae0f38f33380d8c9c0dd819e3a9af6cf8bfe26f1b5ffc3aba8746b055d4261b434324706d5c1ce1f7bf3f85703f07be2a683e18b08a19aed6df6a81828ff4feed7a63fc6ff0dde45b63d5acdbb60becff00d0b15f7f471941d150a7556dd1c4f8fad86aded39a54dfdccfc93fdb13c21a97837c532ea3ac5d7882cf5a12b0786dbc4e2dee2504fde255324647dec37d2bcdf49b1f14f8aecc95d6fc4ab6af8530beb37172abdfe795f6b367fbc8917a106bed8fdbcbe12e93e3ef8956be26b7592fa2584db4eb6c82e194062c0ed5cb11f311c027a71debcebc2de1dd0fc16abe5dddd5aae3959ec27551f52507ea6be2b158cad0a9282975defb9f5986a309d28cf97e563cd7c1ff00b3cc9ae69f0aea08eec07ccb23f5ff006949e3f03cff003ab575ff0004d9f017887523aa5ee8b6325f1f9cca36f98c7e9bf613ef8c9f5af6187e28786ac488c789341b76e803dc0879fa33015a1a6fc46d265c343afe8f75cf0aba9c4ea7f226b8e3193d75fc4da5cfb2473ff077c2ba3fc14f09ded8e8fa4cba5dbdf218ae5ae74f71e7afddc370c9b7e6e8000783d4022f5d7c44d03e32f8b2d2df5cd6fc37adcd662674ff0042801476e183154de4b770c48e3a03835b5e2dbfb5f17785ef2c5e18ee21bc85a37105c7ccc08c1c3295653eebc8ed5e0367f0735ef075fedd3751d52de0055d1a5b0b59ae032938266684b30dacc30e4e3db273dd4f154e2942b36976e879f530d564f9e9a57eef73db7e0dcde0bf8471f9fa2b786ec1f5408b25b5ac7f660e507c84b94f99c872304e4156f7af50f157ed8da1fc30d2e26d4acee1a79a5fb3c16f6d323cb732609dab9c02783c0fe55f20693f05bc69e3af1029f1478af54bed31251225abddf930301c0df1c4b186c74e491824631c57b278abe14d8f883c1eda75c81a85bccbe5ba48a1e3907a156c823dba5747d7a8c3dec3ddaf331faa549695b73a8b9fda5f4df88fa26ad25c787f5cd36fb51f2a75b6bb52932c2a02029b41439c124b328fbdd715e6fe3dfdae3c1fe04b3bdb6d56eec744b7d2e0134bf68bd8e7900601c284889258e48c641041070735f3bfed8fa7f833f651f01b5f6b11d8dd6a97a1a2d2f49236cb71bb862b18c6d451ce4ae338c11d47c3fa5787fc45fb45788235fb0c761a6ef060d3ace111c283a02c07de6c01f33649ef9eb5d0f174674fda4a3cabbbebf2ea4c3035633e5e6bf92feb43f593e00fed03adf88346fed6d42ea5b5f0d5e4bbed748b39e37927b5607e699c06daec48611abe0630d9c903ea7f839f1afe1cf8b2e5ac6d3e2169326b3e5813e99a885b5b90c07ddd8cdb5c67a6c2c3e9d2be0ffd943e035e7813e125be9f78f32cd6fb8c0d1b056855b928411b5973ce0f23b32e6a8fc57fd9634bd6bc456665b7b8d52dee3325cca3cb864b73ce00c92371e3a640f5278a8a78ef651528ae64fa3766bd3a3412cbe356a38cfdd7dd2ba7ebd4fd4982411c398f4951b470d0c4b83ff7cd64eb5e32bcd2e326386e21dbff004c4b11fa1afcbdb7fd9d6ebc3fb9349f18fc52d0e351fbb4b5bc13c63ff26a3c0fa29aabaafc2ff888223e57c60f1e08fa6c99aeb7fe68920ffc7aba7fb6a2d6cd7ce2ff00f6e30fec477d26bee97f91fa17e25f8dfe227bb5b789bc4e2291b6b4b0d84904710fef162aa48ff773589e24f11782f43f12c1fdb5e3ed1eeb50b9c30b1f3bedb793b0e4058e3ded907fbd800f523ad7e6ff0089bf667f176ad6eb26ade38f196a56f2388c93accca18904f28195c0e0f2540fd2af7c2cfd8fecbc11e228752b18656d4ade412acef70cf2123d598e4fe35c73cf211972ce327eba7ea7447226e375517cbfe18fd36f1cf8c34df1478926bed134b5d1f4c930d0da13bde3f940249c91927270090338c9af897fe0abff00b49cd61a0d9f806c6e17ced4b65d6aac879484731c279fe3601cfb05ecc6bea1d53e26d9fc2efd9f24f14eb1e5c71585aee641200d3c9f75235e7abb10a3d339e80d7e57fc59bcd63f689f8d90ab48d71ae78ab51589085dd996570888a3d065540f40057557c56beefdafc8e6c361ad772fb3f99fa97ff0478f84a7e19fec49a66ad346d1de78e2f67d69f70e7c907c8841f6291171ff005d6bd73e31f8ea3f02782f5ad6a465dba5da4b75c9ea514951f89c0aed741f0959fc35f04693e1dd357cbd37c3ba7c1a5da0002e2286258d33dbeea0af997fe0a29e2efec4f8197962b26c9b5cba86c5403825776f6c7e0b8fc6b78c792297639e52e695fb9f0a695772dd6b88667669a489aee76ea59e57ddf9e17f5afd74bffd993e1df89341d3ceb3e01f06de5e1b281667b8d16de4766f2d7764b264f35f90be18b959fc65a948df2c29710c19f454033fd6bf6a3c4fabab6ab3ed6fe33fcebb70315272e657d8e1c549ab58f21d5bf607f827a9b379bf0abe1fb67d342b65fe482b96d63fe0973f0035c93fd23e16f85577646208a483ff0045bad7b97f69063f7a9926a1f7791d7ad777b18765f71cfed66b66fef3e73d43fe08cffb36eae0f99f0c6c79e3f77ac6a51e3fef9b8158f75ff0426fd9bf5089a387c1fa958a9e7106bf7c71ff007f257afab2def7e5fbd572def8e7f86a7eaf4fb0fdb54fe667c577bff06f27ecf3a897f2ecfc5f6a1b83e56b5d3e9be36ac1d4bfe0d9ff00817aac256df5cf88569edfda16b27f3b6afd02b6bfcfa75f5ad086f97238153f57875fcca8e22aad99f99f73ff0006b3fc2b906eb4f1e78f213ce3cd5b4971f946b5e23ff0518fd84f4cff00827b7c1af867e01d275cbdf105ade6a5ae6b5f68bab74864569574e8b66149040f201cf5393e95fb616d7ddabf31bfe0e269fcff0016fc278c36dd961a9363d732c03fa578b9ed082c1ce4b7d3f33dbc8f155658c8c64f4d7f23f3734dd3bcd56fe5ff00013566fac83da49fdd64c0fcff00faf5a3a2d9b3da9fe26cab67f1ff00eb8abb75a72fd8d482b8f2caf3dba7ff005ebf39b1fa05cf3abdb0c2dd6dfe12a7f98ae67c6b0929f7436e4239e41c6457a25fe99f68374a1546e4e3f06ae57c75a5b7d9636da7ef3e0fb71ffd7aedc2c9a9a672d65789ed5fb39ffc15b75ef843e0787c1be3eb8bcd6346055344d737192fbc3d711625b767e733dba4aa848277a283b4b0023afa33f69abf875af03c3a95ba04b6d46ce2ba8d33bb6abb29db9ff67257f0afca3f8b88b1e916bf2f5bc719f611aff8d7de9f073c4b75e2bfd8e6de7b8bd96ee4b368edb648db8c3ca640f6272df5635f6f2a7fec919afeb5ff00807c4e225fed9287a7e57fccb1f08cac1e28be94ae156155603f894960dfa57437f7d2687aaabac9b7636370e3906b82d23c4d27873526b88d3cc49d00707a9ef5d47fc24767e29d2fcdb7995a48f8743f79587a8fcabc795f566ed2b9fb41692228fd7a63ff00af5a76970cdb71f2ff009ff3e95cd0f10dad91c7982471d563f98fe7d07e2687f18cd20db0c6b08e9b8fccdfe03f5afbef687cba476514ab0a192470aa3f898e31f89a86efc656d68bb6206e1ba00a76afe67fa035c5bde4976dba691a46edb8e71f4f4a9627dc3afeb53ced8f94eb744f144fab6a5e4c8156378db08abd0e3b9fff005570ff00b44e90d7be1693b9521b1d3f8b1fc98d745e1a7c6b76fb5b924ae7ea0d677c7389e6f05ea5b7ef2dbc841fa0cff4af3b1aaefe476615db63e21934dd9f18ec564daa3130c938c7c8ddff000aef53c396c54edf9988eaa41fd31fd6b8af1bfc63d2fe06f8b350d4b53f08d8f8bbcd511c315cdecd68d6c7764b23c7c82cb9539ec6bccbe287edf16fac6a16d3786fc0765e18586d8c5710cbac4da8472cdb81128deaaca00c8db93c9ce78af8ccc72d95597b48c97a6b7ebe56fc4fadc0639423c924fd74b74f3bfe07d08da44b6e876dc499c727d7f2ab56769332ae2e3e6e9939c7ea3a8af9163ff828d6b1a5afef3c33a45d7f78c5712c00fe7bab5b4cff00829bc33656e3c197118ee20d544807ae37443f5af1e7966216cbf15fa9eaac751eaff03eb4b62ca4334c3730f4e3fa7e556ed65904dfeb1594f19c0ff1af2cfd91ff0068bb0fdadfe2ad8783b4ad36ff004dd57528a69237be747b65f2a3690e590ee190b8185ea6bec2d53fe09d1f1134eb7f3606f0ede2b11858af18364e00fbeab554f27c6ca3cf0a6daf2d7f233a99961612e59cd27e7a1e2734928c6364abdf18c0a69d52e204dcaacdc7dd52dfad70ff00b41fc76f097ec9ff0017f53f0478f3c45a5e83e26d1d207bab7952791116689668ff00791c6c8731ba9e1b8ce0e083583a57edb7f0775e02187e2578204d9e04daac76ec7f0908ae3787ae9b4e0eebc99d31a90945493567d4f519ef8ce312db9939ce5d73fcc5646afe15d1f580df6cf0ee8d75df3359432123df22b6fe1eaffc2d9f0ec9acf8511bc59a4c321824bed15bedd6f1c802b143245b94305652573901871c8a9e6d1efac03096cb52b56ce584b111cfe358ca9ca2fde56f9046517b3fc4f3d9fe0b782b5195a43e11f0fdbb63929631a13ff7c8cd575f811e0f593743a4bd9f3906dafae60c9fa2c8bfcabbdb999e34643e7e73d429c0cd44d0a850cccbee0c6319fc6aa3524b44cb7e67196ff05b48b55dd6f7fe20b739e426b374d8fc1e46a96f3e14437568d1c3e2af1258b499db3c57313489f43242d5d73430c44a6eb7566039385cfe4698f69f6a8b6ee8e4c8e9bcff00f5c53f6f557da7f7b25462f75f81f32788ff00e095ff000f7c57e309f5ed535ef1378835aba6dd25e6af79f6d998fa65b0303d0003e95df7c3dfd8dbc37f0d987d86689f6f466b745207e0c6bd596c6144daf072a31c3818fd2abcb631cb1b46be644deeb914beb151cb9a726df9bbfe657b38f2f2a565e4adf9115af86edf4eb7f2d764899ea1471f5c66b1b5af0eadccedb7cb38ce46de95a434f92d932d24cadeaf1b657f5aa9756724397f3d9b77206e2bfd335d1fda556dbfe073fd4a9dce7af7c1b70d9db0c3cf425b07f5acbbbf00de2965fb1ee3d700839fc8d75134b233fcb72ec463386dff00ca9c92dd26dff5878eebfe4d672cca7d6c68b07138597e1d4cc777d9e5033cf1debb4f865f0f6ca32cd7076c99c0591c2e7f03f8d4536ad27da18164dd9e073934c3abbf9d1ee56fbc3a104e7fc0d5d1ccf9657714fe64d5c1f346ca563e75ff008293fed151ebbabd9f81f45b846d23c32f9ba68d815b9bcc618647044609518e3717f6af30ff008277e8f1fc46fdbfbe1cdb38f320b0d41af988e406b785e707fefb4515e7dfb49ea9e578ff00c41216ff0059aa5d151f599cd7bb7fc1103c3275bfdaeef356650d1e8fa44cd9f4795d147e6a1ebe8f0d5dd4ac9bebf9763cdc561d53c2bb745f8bea7ebd7892e7c88645072646cf04f415f0c7fc14abc4df6cf1af8534446dcb6f14b7d2007bb108b9fc15abed6f145fb341e800fd7bd7e6f7edb7e26fedafda275f60dba3d26c628060f4223329ff00d08d7d24a5dcf95b1f3ee97a9496de0ff11dfc7feb152ea78fdcac6d8fd6bf5d34bf8b70f8af46b3d4958ecbfb78ee54e0e08740dfd6bf197c77e224f0bfc0dbddcdfbed56de5b5847bbab927f040c7eb8afd19fd91fe27dbf8e3f660f87f7df685f39f42b48651bb912471889ff00f1e435582ad69f2f95c9c652bc3da79dbf03e8b87c651b8ff59dfbd58ff849a3603f78bd41eb5e7f63aaac80fce1bf1abc350ca311fc2335e97b4679dca7a05b78894a8f997f3ad0b4d741fe25fcebce2d6ff1c55fb5d42a7da0f959e9165ac8ddf7bf5ad1b7d5c17077579cdb5f7c9c13d7d6afc1a934617e66ff00be8d1cec0f4cb4d555ff008abf347fe0e06bf5b9f899f0c61dd931e8f7927fdf570a3fa57de56fafcd091b5d8fe35f3bfedd1fb25f877f6b8d6343bcd7b51d734fd4747b47b7b69b4f9a34511b4858865746079e72306bcdcd2854af8674a1bbb7e67a794622187c4aab3d95ff0023f2af41755b89d59beea228c1ea777ffaaaf5e4b1f931afcbbb1c67a57d3dadff00c125974e9a4fec9f1c6a98948e2ead626c630464a85f4ae1fc45ff0004e3f196891f971eb567702363cbdbb2b75e9f7abe26591e2e3f66e7da433ac24bed5be47ce3792466e67c303f2120f5efd2a9f896386fb485ff0057feba4183f406bd33c43fb0df8eb4992461e5cc318cac5d47d779fe55c9ea5fb2ef8d2189e330a7fac671b964039c7a29f4a98e5f8987c5135fafe1a7b491e1bf113f67af147c41f875aa6bda069e752d3fc2f71e6dfa42774f1a489f7c2019655084b107201ce31923e88fd956f5ae3f67ef1158f9464dcb6f721c1e31bc2f6e06081f99afa37fe0933f0db54f01fc57fb0eb30c0b26a3a8c3246abb8a48aa8c083b9473d78afa67f6e6ff00827af837f67db5d53c65e158d345d2fc696ef0df6931285b7b59d4199a6871f71586eca01807eee01c0fb5c0f3cb2f71a9f67fccf8fcc250faf374faebf81f9bb3b1550aa4e7038f4c560c57b269d7b2490c8d1ba95e87a726ba7f105bb58df4cadb77eef9b1d981c1c7e39ae4af4e6694fb8c1af136d0ecd1ea7ee44322ae3ee9fa9e956a0915bf8837e354d25c371eb53a2873d14f3e95f6d189f2e5f8e5da38fd2ac4537159b1c0b8fba077e054e9865c26e61ebb8e3f3ad00ddf0f5d6cd66d5bfe9aa8fd7156be2fa6df0c5f8dbb7fd1e5ce7bfc86b17480d06a96acd239db2a9c0e9d6b7be2b42d37872ed7ef3344e31dcfc878ae1c61d1873f37ff006c3b178b549c9191e612315f2eebc81662d22a91d715f63fed6de5ac1249247fc3c0fa8af88afd7c41f18fc51368de0bb3fb5791279777a93aff00a2599feee7f8dc7a03c773dabe76a45f3d91ef509da176733e37f1be9fe1bb5f32ea78e15ec09ebec3b9acdf0a7843c65f15268ffb1f4bfecdb194e05e5fa952e3d5221f31ff00816d15f497c23ff827ae9de19bb8f55d71a6d6356ebf69ba1bd90ffd335c6d4fc066be90f057c12b2d22d51a3b7c3119c91cd6d4f0ae4c53c5a8ec79dfec1df0c353fd9935d5f1059ea57737887c97885ec813742ae36b08d31b5011919e5b93cd7d2de37fdb47e205eda32c9e2cf12cc547f06a32a2e7b70ac0566e91f0fe382d9b3fbb38c1e9c561ebfe1e8601e5a460f627a9ff0022bd8a2e7469f241d8f32a4a3565cd3d4f97ff00688d5359f88fe2bbbd475469afafaeb1e65c5db19a6900014659b24e000067a00076af10d6fe1bdd5e336db7effc08066bec8f15f80fed7399047f2fa9ef5cf8f87b1ac9b4dac3eeccb5e356c3f34dc9eecf528e23962923e54d0348f14f8320923d3756d6b498647f31a2b3be920466e9b8aa3004fbf5ad297e2c78fedf4f92d1fc6de326b79015788eb572d1b291820aefc1c8247e35f53c3f066df5585e4fecf85638473213b573f43c9fc2b94f167c23b282dda48ded4e0edd850af3df9a72facc61caa6eddaeec6d1af4e4f55a9f2ddd7c67f1a689916fe2af145bec39023d4e78fa7a00d50e99fb5dfc5bb5ba58ecbc79e2855ce07997cd7031efe66eaebfe29786ede195add235926cf418f93df3e9589e16f8731db4c1a450ddf9ec6bc9abfde3d28ce36ba3f5cbfe0893e29d0bf6c6fd9e7c43a0f8f74b8754f1e784a507fb58cb24335edb5c090c4cea8c10b44e8ca70a015d99c9c93ee5f027f662f057c4eb0d59354b5be4bcb19530d0dd14c29c83f2e08e0a9fcebe4bff8379d2e34afda37c6d6e8203632786964b8cb62457175188c85f43990135f677c18f118f0afed13e30d2c86486492e02281f78ace0a81ff000126be9b0b81c256a54e752946ed34f45d3fe18f99c5e2abd3ad38d39b5d7767e707c51fda3f55f06fedf177f0ae0d3f4d97c3e9e3d4f0ac572c25fb6c76cf7c2dc3e43846902b67ee8048e8057d0ff16fc1b63f0c5a30ba94d32481cb34ca17685c753d3bfb57c6ff00b4ab7d8ffe0af7792711affc2d6b6bb77272a8bfda113b1cf600124fa01e82bd7bf6d5f8b971f133507b4d3d9a1d36d77246790d3f3cb1f638181d875e4f1f3d83cbf0752155d487c33696eb45d3467bd8fc462212a2a9caca504dff004ce1fe237edf1e1bf87ba9cb6b269fa86a5b5c80f6b2ae0807838703afa678f5ae6d3fe0a69e02be656b8d2fc516b221ef690ca3f3128fcf15e03e34f86d75ab5d3e21690e724b29e6b89d4be12dec279841f60306b8aa65b866f48dbe6ceca58a9db597e08fb197fe0a03f0bb5141bb52d4ac4918fdf69f2f1f5d81bf4adfd1bf6c3f85baaee683c5d6d1e07cc2449e027f074527af6afcfebaf8797f086fdc48bdb0074a86f7c19790d92c86162370046de95cef29c33eff007ffc036fadd45d8fd42f03ea561f14f4e92fbc32cfe20b5590a992d14dc6c60012a54723823b77aea1fe0678b45bc771ff0008af889ade654995a2d3a67564650ca7e40472083cf35f919a669fa869d7cb2da4d756b711f2af1394718e782306bd3fc2dfb52fc65f09da3c3a4fc4af88362b246b1110ebb72bb55461403bf2b80001b7040e2aa9e4983fb7392f449fea8ce78cc4fd8e5f9dce77f6dff08ea1f0e7e324967ab2b5add5eb4f7e6ce58cc7716caf73284322372a591430079c3741dfed5ff8202781e17f0d78fbc48f86926bdb6d3622074091191bf5947e55f0078e3e12eb7f1b3c7175af7893c43e26d535abf3ba7bebbd41ee67931d01326ee0761d057ea6ff00c10e7e1437c2dfd9bb5eb592f26d41e7d7e49fcd9502b81e4c036f1d718ebc75af530b87a71aa9c1bb2eeadfe7f99c3986224f0ce12dddb6f53eb2f145c16b665dbc9afcb0fda0f591ab7c43f8857cafbb7df5cc2ad9eca4a0fd315fa7df13efbfb1744bdba5e9044d21e7a60135f8ebf15bc5971a6fc22d6b551892e26b80c77e70dbe550d9c7b135ecca492bbe87cfd38b9494577479af896ec78fbe3cf86fc1f3116f67159496a4bf0a25b8b57c49cff7432107b735f447fc13dbe355c58fc105d0649ecd6eb41bf9ed5ede73fbc8f737998e1b3c3330f6c1af97bc417eba5fed3fe12d4240acb750584ae07439844647fe3a6beabd234cd3eeddb75ac3ba46dccca9b496f5c8acb0f1bd5e6eda7c8e8c5492a2a16decfe7d7f33e8cd0fe305d40df3242cbfecc8571fcebaeb3f8d61514bdbcc53b959037f3af9cb43b39f4e61f65bb9820e8ae772d771a2eaf30836cd0a37b8eb5eb459e4591edfa67c60d3f11a4933a36067746dc574169f12f4b61b8de4433f5ff0af01b7bf864bbfee6403c8ebc5685e38822cab71fec9a9bbea3b1f47699e37d3eed3725f5b60fac807f3adbd3fc436d748be5dd4127fbb2035f2f69dac3a443f78dd3d6af27889d5b890839cd3f6a89f667d4f6b761e4c6eebd306b90f89ba98875e8a3ede403fab578dd878bee108db336e5ee0f4ae9fe2378add75e817cc0db2d631923938cd29544f44553a6d336cdfac82abdf489750162abb94739ee3b1fe95cb45e2c217f8466a45f12afde0cb9f7359a9336e57d49f51d26d662d98c0fa562dd7852d641f7636c7f797357a7d54120a9cab720e7f4fc2a9dc6a9cfd3deb44fa09a6759f08f45d36c3c476ff00b88e399650f1ba7ca411d307d45745ff00055bf1daeb9fb24d9c6db96f2d63bd2e4701c0b3701bd8f3c8fc475c0f32b4f1235b5d46c8ccaca77020e0a9ac8fdbd3e277fc269fb33343271756d6b7de601d1c7d9880c3ebe9eb538aa8a3859dbb1a6062de2e17ee7c07ab4ffdb9e1cb1d517e6fb444a243e8e383fc89fc6b91bb5dcf270bd3a7a735bbf0f2f1b53f055fd9a8cf95b668b9fa671ee703f3ac5bb1fe9c7e6e369e3f2af97a73e7846a775f8ecff13daad4fd9d4953ecff000e9f81fb7ca369f9be518eb9a9e36dff00ead7f16e01fc2a18e201f9cb30e727b7d2ad4676b7ad7dc44f94248625272d9639e33d07e15637e07ad40ad85e9db3f5a9203bcff4fceb402ee9ef9bc833f7bcc5fe62b73e215dbdb68774d20f996262303db8e6b02d0edbb87feba29fd6bb3d5fc390f886c24b7bb1e643709e5c8b9fbca7823f115c58be963a30fd4f897c71fb2d6a5fb5af89997ed971a5f80e1db1cf7d01db71ac6301a3b76fe18ce08697a9e4273965f56f097ec7fe1ff875e1cb5d2742d36d74dd3ecd024504281428fe7f89e4d7d2d6da369ba4dac36b0da4105bdba08a38a240a91228c2aa81c0000c01e82ac2cb6d6537c908d9d381d2bcf861d2d7a9d92acdab23e6dbbfd9d2461984363d48e6a8dd7c16d56d8288f74bee7e5c7d2bea03a8c7267f74a55b9c75c546d6f6521f9ada325bbedabe5b6cccf99f547cd361f0eb50b681a39217507e5dfd73eb54efbe10dca95dbbbe85783ef5f502e93a7b6316ca38c0dab8c511689a70907ee4afa1c91fcaab99ecd85d1f276a3f01750b942de5ee8faf099cd615ff00c08bfb425e48502af60b93fe15f684fa0d9c63e563cfd3a7e3595ab68166e878127fb271fe159c92dcd23367c0de3fb86f0e2797b992550542b1c0af9dbe28fc4dbabb964b386532499c1653958be9ea7dabebdff8282f8363d03c3e26f9a1fb4366168c08c1f543dfb839e0f15f0edae95c6d2aa79fcbdabccc4d66bdd47a3858a6b9998d1e8cd7770d24d999f712093d6b7ae3c07a9da7c3cbdf1343605f4bb2963b6699ced4695c80141fe2c7538e831ea2bdd7f646fd8b2ebe3ede3ea9a8cada7784b4b93fd26553b67bf618fdd45edd8bf41838c9e07ad7fc148fc3763a67eca56fa4e876f6ba5d9e9f750c76f6f02ed8d1448a70075cf539ea4f273cd7254c1d45859e25e964daf3ff008076d1c54258aa7875adda4cc1ff00837d7591a3fed57f159a46124ade13b23827e673f69e001fd3a0c13c0c9afabacbe21dc69ffb626bfe6794a277b8ca2c9c2e5149e481e9d78af84ffe08e9e3bb7f83dfb45fc4ed4352932f3784acc468a7f7921fb52e157f2fc8735f4e5bf84f5df8a3e2ebef120b59a3fed56764da195190fca5723a82a31ee3ebc7a794e2bfe13e937e7f9b38b3aa296615174d3f24795fc42f871a7c5fb45f8ebc7492c77575e20d4e696ce623e5b6858007693fc4d8396f4e0704e7cfbc676cd797476c91bc8dc93b866be94d5fe04de6a0ff00e9424503db681f4e2b0f57fd95bcd75915b0dd71dc8aca29453508e976fe6c8759cace6f6497c9688f992ef4ef294c6c91373f365723f9557b9f047f68c5caaa71d02e07e0315f426a1fb32de452636bb1eb809fd6a98f8077d627e68e45c0e0f7aa8c2fa31fb54b63e7e3f0be3f2db72c9263a6e4ae43c59e016b9b91043047e527f11c7cdf957d517bf0bae23b53188dd971838e370ae6ef3e0f6d3f2db49b98f4ebfd2a67456c871c434cf9a74ff8296d3dc8793b74c2e16b717e09daa0f9615c7a802bdc1be16b5bdc797e5f7f4e95797e1cb47f8f5e3a5671c3aea5cb12fb9e1ba7fc1e8e3f9960fd3a57dd5ff04f5f0c9f0a7c0ebacaff00c7c6a1349823d028ff00d96bc523f00b451f31f41c0c75afa6ff00658b45b4f8376b95c37da27c8f5f9dab6a349465747356a8e5123fda33541a67c1df155c608f234aba71f511363f5afc7bf8d0abff000cfd76adbb3349101ee7cd07ff006535fac9fb655f3db7ecf5e3065cfcda64aa3df231fd6bf257f68e74b1f851a3da333092e2e6321477da8ec73f98fc715a62256a527e4c9c1c6f5a2bcd1e43f186636facf83f54d86358ada28cbfaf9655bf931afa17c0de3b9a48615982c72ed1bb072a4e3920d7857c5db71acfc0ed36e917f79a6947661fdd24c4dfcd4fe15ea1f0a2f63f13781748bb07324b6ebb8ffb4383fa8a787fe23b7548bc4c6f4d5fa368f7ef0cebdf688d7761bdf35e8be1db959adb2bcf03ad788784e57b6e8d5ea7e0ed4b36df3363a739af569b3c8944e96ef68995bf3c54f7f217b5c8f4a658787ae75f9f108e0a97dcd90b81c75faff23e955efe47b18a48dfe5923628c3d0838abb085d375764f959997eb53b6a4e1feeab573516a8ab7072ddf3d6a66bedcdf2b7eb5cce36353a8b3d59bcc1b72b9f515d3fc42d5d97c49b5b864810119e879af3fd175122e23c90df30fc6ba0f885a924fe2c9b3f795541fc05632dcd2996a3d5948e6a65d4f2bc3573714dd76b66a4378c83db3429f7343a6b7bf694794587cc7e424f46ff00ebf4aab3ea72292acacb838e474ac31a9107af1e9535c6abf6eb7f3b77cd1e049cf5f46fe87df1eb57197624bb36b6c2615c27ed4dae7da7e0e6ab196ff971b900fb94c0ae825bf5924fbc2b81fda76eb67c20d6194e596c662067a9c0ac3329ff00b2cfe5f9a3ab2d8ffb5c3d7f43e4af879aa4da48f391b2cd1b1c633bbe50471fef01fa5497c8a3509bcbfb9b4141e8a7047e9542d27fb3450cb1b04643c01cf46047f2357a5916287cde1515760f65e0affe3ac07d6be572ba9cd4a50eceff0027fd7e27bf9bd1e5acaa7756f9afebf03f6fd0b67989f1ec47f8d3d67da065641cf4da69cbc7e54fdbcfe95fa4a3e1005d21fe203d33c5588a752b8dcad8f435122e1fad48615272557f114c0b16d279332b63eeb0271ec6b03e237ede9f0afe16f84ceababf8aa3b3b312a43f2d9dc4926f3d3e458cb763d3d2b5c5bc71c4cca8aa40edc57e5d7edcccd37c18ddf36dfed2b718cf43b64ed5f2bc459b54c1d6a308453e7bdefd2d6dbef3e9720cae9e2e156536d72dad6f3bf9791fabdf0cbf686f0bfc6af01e9be29f0d6a126a1a1eb2aed6b706da485a5092346ff23a86187461c8ed9e95d3bf8bad0286573f2fa8e95f2aff00c130ec1ad3f613f876db8ab496974fc80786bdb823f0e735efea92a0fbd1b7fc04ff008d7b94e8a9c149f5499e2569f2549416c9b47591f8b2ce7caf98aa7fda38ab31ebb69b38995b8e3e61c57268f20c7cb19ff817ff005abe67ff008282f8affb36ff00458d6596d458d94b772b46fb7867001c8f68dabcfcdb111c0e19e265ef5ada6d7bbb1d995e1e58cc42c3ad2f7d77b595cfb3ad6ee3965f91979e7922af4491940cacae47a1c835f1c7fc1196c751befd94df5bf115d6a1ab5cf88b5ebbb989ef2492e7ca81364211371385df1c9c0e39afbc3c409e1dd675bf3a1d36cec2da466658914c1b06381818aeda185956a51a8b4ba4edea7362a4a8d6952decdabfa1cb3bc61b0ccbc8cf3daa95f2c7bb3bb24f4006735f0d7edfff00b5ff008f3e09fed4be22d07c21e201a7e81676d632dbdafd920b85467b58de4f9dd198e5c93cb1c6703038af3bf853ff000549f8ae3e21e83a56a12787758b5d56f67b7924b8d3bcb95152d67986d313a0ce6251c83c67bf35f3988ceb0b4aace9546d38b69e9a69b9eee1f22c555a51ab0b5a4935af7f91ed9ff0556b76d3fc09e1f9b858e5bd31331fe13b4b75ff0080d727fb33ff00c134f52f117c39baf1d78e23934ed27ec6f7da6699f76e351013724928ff009671103217ef3023ee8c13e4bff0510fdadbc59f123c19e04b7d41747b5b25f12c25fec76ccacdf21c825ddb8233d315facdf1d7c436fa7785b58497eecb04f12c683e693e46e147b0c9f40064e00aebc9a585cc39f110778c7cadd0e7cd30f88c04614a764e57dbcadfe67c79f02bc471f874788ed7858de284db411a81bb191b5178e831ec00c9c01c796fede53c8ff03eea6b86dd379f19c67e58c7989f2aff008f7f6c003a2f83daa341e31d51a460d2cd6257d768f314e07f9e6b96fdb7dbedff00037515ebc03d3fe9a475be69372c0548ff007599e5b1e5c7537fde8fe68f9a7f6429da5fda575eb587fd65e7872da25e7ab1bac0fe95fb1565e19b3d0348b6b1b7893c8b38d608fafdd5000fd2bf1a7f620d66d34afdae85d6a059aca1d2ec649c2aee2635be05b8efc03c57ebaddfc72f0a5b787ee754b9f136816365680c97335e5ec702c0338cbef2368e40c9f5af2724a91fa9d38b7aebebb9e9f10519bc6cda4eda7e48d96b18e39f6ac4bb73c9f4a59ec21ba5f9a30e0ff7ab94f0cfed01e0df18ac6da4f8afc35a979caac9f66d4a272eac320801b24104106ba98b5386ea0f323912452782a739af6395f53c2295e78434fb85dc6de15f708322b1f50f00d8c9b970eaa78c6e38fe78ae918acaac7b0e98aaf72e85f20fddf5ef4ac0717a87c2e8a74fdd4bc0ecc063f9573ba8fc23984eadbad641fee104fe39af50739e9ce3b7ad53bb3c631dbad2714c716d6c792de7c28906e0d6b1c9e851ba0fd2b393e1b41631ed6b79b729e3f7790bf966bd7a5561277db9e9552f21566e546da9f663e66795a784accee50a8cd9fcbfad77ff00052d069be12bdb3c7105db48becae07f50d4b79a4c370a46d0323a7f9e2ac78362fec1bcb80599a39a30bb7dc1ff0002688c5a90395d6a7977edc3b8fece9e2955ddb85a738ec370afc90fdabefb7ea7a55986f96d6312b01d8bef1fc96bf59ff6e7b86ff867df112ab616e238e3e383cc8bdebf213e33dc1f12f8c7c4d203bbecec163f611614fe0704fe35cd9954e5a7cab7969f85ff0043d1ca69deaf3bda3afded2fd4e6740b26f13786db4fb876362c1a19232786049e38fad77ff0dfc3b1f8374f86cac4b2dac59daace5b92727935c27c2b94de5ede5b0dccdb924403927771fcc0fcebdd74ef0c5af85f48b56d5adf535babbc96f2c2aadb8ce0290792dc67191d456f81973538c97630cc538d5943cce93c2d7aae8a186d27a9af4ef02dbb6a57091afcdb8818f53d2bcbb4bd3a4b2d5a2821613adc05685c0c0955ba1c76f43e8735ee9f0d3c28ba35e248d324d246a08c0202371cfbd7ad4cf1ea69a9e85a269b6e97370d1c3b638d02c4a792073927f3ae27e25e912586b324b1a1f26e86f5e7bff10ff3eb5dce993aaeb125ac7185586dd8127ab9f94ff235cf48f1f8ab57b8b3bcdd1dcdafdd68d8b23a647407a1e456d2899465add9e4b76fe55de5895edd696e6f24886ec92b5b1f10fc2171a54d3c91c72496f0b7fac09d0103aff8f4ac4b4866bc8d638d1a476e8aabb89ae494753a23aad0bda2ead225d43ce32e3b7bd749e3bd58c9e2dbacb29fbbd0607415c8c30dc69d7f6e9736f35bb338dbbd0ae791d3d6aff8d2f71e29ba3bbb8fe42b9a46b4cd5b5d449e9b78ebcd5b5d4d87b81deb98b5d42af437fcf5a22686d7db9641b486a48ee3c99032fcc31b483fc43b8359eb75914a2e4ed3cfd2b5b75026bb8fecf3655b7230ca93dc7f9e2bcf7f698b9dff000a75619ff975231ff025cd7a025ee06de3d573ebff00d7af37fda8eef6fc28d5ba86fb381d3d64415c19acad849fcbf3477657ae2a0bfad8f97be54b055c6dfdd03903a705bff66a8b41d45755d06456dc76e5f00e7a1dfcf6e8c47fc06a3d56736ba6dc6d2bbb6b63fe023007f2aabe11b8fb240d852c9832e00feef07ff1cddfa57c8e573e5ab67f6b4febe763ea336a5cd46ffcbaff009fe07ef320f9a9ca7e5ed4dc6d6f97f869c76a8e780bdfd2bf563f351f1f5fad2bdcac236f2cdd401d4d57595a66f97e45fef1eff41fe3f95326bc8ec86d552d231e83927eb400badced0687772c8ca3cb85dc283f28c29233ebfcabf323f6df52bf08e38fe53e66ab11ce7fe99cbfe15fa3be3a9cdb782756b9ba936b2d94db2307f8b61c7eb5f9b3fb7b5e2d9f81b49b756f9a6bf925c67b24647fecf5f9ef177bf8ec343d5fe2bfc8fbae138f2e1abcbbd97e7fe67e81fec13a6ae87fb1b7c34876edff0089141363feba6e93ff0067cd7b043213d7d6b8ef827e1d1e09f837e10d187ca749d0ec6cc8231cc76f1a1fd41aea85c57dfd38f2c147c8f89ad2e6a929776cbd1c9b5863b0cf35f08ffc14e7c78b69ab78a0861fe89670e9b173ddd0161f5ccaff00957dc525f08549ddc639e6be29fda97f6599be2f7c4a82faebc4b7367a75aebdfdaf3dac16abbeecab168e2676247963a11b72c38e2be7b8930b57154e950a7b73a727d92b9ee70fe26961aaceb55df95a5eaec7d55fb2be9b0fc11f803e0bf09c2bbaeb45d2608ee801c25c32f9937fe4577af74d175dbabd92d8cafb4927201fad788782648e1b58a48bfe5a2ab962724e403c9af59d0ef76ea76ebea3fa1afa4a3eec5456c8f06b49ca4e52dd9f9c5ff053983ccfdb07c58e5bfe5d6c0ffe4a442be76d06e4e95f14bc1f22fde5d7e54183c926cae57fafeb5f717edd7f0ab48f1bfc7bd5af2eadd8dc3dbdb44d246e632c16150338ea47a9e7a76af9df52fd9c749b7f11691a82cba8799a5df9bf850ca0abc8229146ee32461cf19ec3e95f95e7192e23eb15ab69cb793f3b6acfd2727ce282a14a8b4ef68afc91e7ff00b67def9fe04f0a2f5dbe2085801dbf76d5facff187c68d2e8fac5d5c5db33cd04aa4b6dc44ad9fddaf03b9009eac793d001f925fb5eca0f857c261b747ff00151c39cf381b5abefef8bfe3b93c5f7d70aaccb6ab231453fc5c9f988ff38af4380a4d60aa2f35fa9c3c6b1be2295bb3fd0f2ef0aebcde1ef115c5c797248b24262185e9c839fd2b0ff68bf14c7e2bf855ab5bec60c96eee33ed83fd2b72e74dc48c703afa5739f10f426bbf046b0a8bb99aca620773f231afa1c747fd9aa45767f91e160e5fed109766bf347cc7fb35db4a9fb43df347f7bfb16dfb76fb5135f417edd97f0c5fb3878d06e5666b444db8ea4dc43d2be7ff00823a9cba3fed2a208d32d79a2dba903b0179fe02bdbff6f8b492dff66ef144cccbb6436eb81db37111fe95f9763a4dd0c235e7f9a3f48a314b155efe5f91e5b63e1048740d1ece565b8f26c6cd4b638cf9099fc8e47e157343f19f893c03a87fc4a357d5f4f58ce47d96ee5847fe3a457436da4791159a6dff00571c48c3e8a01adc83488edd370b68e4c1070f1ab8fc8d7e914e8b5aa763f3f9d4befa99daff00edc9f16bc1d79a141a6f8d35131df6ad6b6d22dcc30dd6e8d83165cc88c4671d4106bd52d7fe0a41e3ef0fdb86bfb5f0fea4b190ac64b67859c7d51c0cfd057cadf147508ec7c69e1e9a7db1c69e2085dbf85576a4a4f1f855ad635db8f8857be4d8f98b6eac391debcac9b15565464e726df334afaf6ee7a99c61692ad0e48a4b953d15bf23eb8f0fff00c15da1597cbd53c1374fb18a34961a8ab74efb5d07fe855de787bfe0a85f0eb5940b796fe26d2777533d8ac8a3f18dd8fe95f12f87bc04ba545319be7f9ce47e5557c55a6a8b45f2a3f2f9c7d477af6d55a96bb48f15d0a77b23f45bc3ff00b6d7c2df1398fecfe34d261673f76f37da60fb995547eb5da697e3bd0fc5299d3759d1f511d7fd16f239b8ff0080935f92c6cd9e30aabf778358de2ed21e0d0ae24dacb85186031dc77aceb62a34e9ba8d6cafbf6f9051c0fb4a8a09eed2fbcfd8b78d513bfe349e62c73051c95427f5afc6ff000e7c61f1a7839646d1fc5de28d3bcb3c2dbeab3a2ffdf3bb18f6c577df03ff00e0a2df17340fda0745d16efc5536b5a4df4244b6da8dbc538625b683e66d120c67b3815e5e1f88b0d52f74d5937b2e9af7fd0f4b11c3b5e9aba927aa5d56fa7f5a9f747edd172b67fb3ceb97122fee6168646c9c636caa7f2afc8912f99af5d492aeefb542ccfee58e0d7dc9fb63fed71e2af1dfc1bd73439e3d160b5bb30c52182d996420c8bc64b9c77eddabe217b7fb2eb162c73b640636fcf1fd6b8f119a51c54e955c3b6e3ccd3d2dae87a183cb6ae1a956a7592e6714d59df4d4e7fe1268da868fe3cf324b79238638cc7bd88c48410548c7a63f5af7dd5bc5971a9e81a6c264dff68837ce5a3196607191e9c83d2b8ed2b4bff89ac7f2e36a9aea1f4f58acb4711b798d25be0af753bc9c7e648fc2be9b054fd9c7951f2b8eaceacf9dee77df0ed63d61b4df9a182e34dcc40138f3108e187b839e3debd7b41d7a1d3b5258f2d34cc144850fca31c7e1eb8af27f87fa4a69f74d35f48902db0cac64e5a56e800c7a67249c700f5245765e1a9bed1a8173bb748d91f89af6291e5d43dca3d9726ce540034cc17715c315233fd3a562c16506973c9237cd2303976fbd8e4e2b5344d126b0d1ad7cc76665951b9e36e4818fd4d51d66ca64d5a356655b76cabe71c127f90e6b5944c4e37c73778b1beb881bcf8e683cb541ce09ce7f98e3dab8bf0ddd368fe14b89d5fcbbbbb611c47f8bcbeac54fbf4ed5d2ebff006ad32493cb3e5b11b59587423dbd6b8c9e5b8bbb92d2b972bf28e3000f6ac271b33784b43acd0b48b3d43c3dfbdd49a56f3925cb722ddffba33cf3900d73ff00112c3ecfabadc2ed613641c7a8e3fc29da35cc96d632441b0af7117047b9ff00015735e4fed1d367047cd0bee1f4ff003fcab92a475b9d34ce7ad5a4037797dbd6afc13e3f8587150e9ede645b4f5ed57a38947d29d8d016607fbc3f0a905cf34806177629f205922ebdb838a00533ec6febeb5e7ffb4c4de77c38bd079dc91871ede725772f968437f121c1af36fda62e367c3bbee4ff00ab8cf1ff005d54ff004af333995b072f97e67a593ffbdc4f97359710e90c3712cdf31cfbf24ff335421ba6b4d52ce35242a98ccc73f780cfcbf43c93567c516de5e9a91863f2b05c5637893545d3a799b1ba477da0f600803fad7c761ef75cbbff00c31f615bde8b4cfe82649f6bed55f31fb81dbea7b534aedf9e660db7903a2afe1fd6a65458c61570bd78aa2ca6eef5a37ced5e715fad9f948e7bc92eced886d51c16351c93c5a7fca9fbc94f5634cbabcc7c91fc8abe954fcd1d0e7f1a52291ce7c62d55adbe1eeacf2364c9108faf5dcca3f91afcff00fda4bc3adf11fe377c3cf09c67ccfed6bd8a12a38c0b8b84889fc94f3f5afb97f685d456dbc150c1deeae4123d42ab13fae2be52f817e1c5f88dff000516d35caabda784606ba71d94c50fca7f09e65fc457c1e671f6f9e53a6becc57e2dfe8cfb7caa5ec3299d4eedfe097ea8fd129aed5a666e17712781505c6acb6ffc42b9bd6fc696fa5060d22eeea141e95ce4de29b8d665fdd860bf4afbb95448f888c4eb354f14aed2bbb3f8d79bf8d4bde6ab2b7f7d43ff009fcaba4b5d3e471976fceaaebfa728785b1f360a9fd2b96ade47453766747f0bae8cbe1e894f58729cfa0e47f3af59d32fd7edf6b2631d00c8ebd466bc63e1bdcf96b3c7d00208fc88fe95e836be2068a685b734d3311b230796c7f203d7a0fd2bae94b44cc27b9e43fb4e3f9ff163507c6e678e2c01dcf96b5e55aae9c21b7691f96e4938e00c1e07b7f3af4ff8d4ad71e3ebc9256592591230c40c01f20e07b0f7eb5c178820dda45c76fddb1e3e84d78b9853e6a753cd3fc8f570351a9c1f9afcd1f20fed752f9fa27855772b29d7e0240ec7078c57dbba8b79b712a9fef9edef5f12fed42a2f345f07ed51993c4700040e71f357daf7b179771271c6e3df3debe5f82636c2cfd4fa6e2f9275e1e8ff00429490820fbf7accd62d21bbd3e7b6b88a39edee2368e48dd72aea460823d0838abf773345d7b561ea7ab2c41b71fc8d7d7548ad8f978b69e879bf877e17687e0ef1e25d69fa6c36b3cfb2379012cfb7ccc8505892ab924ed18009ce29bfb7f059ff00670d41236f9eeaeeda3280f52665c7f2adb69daefc4f6f22f69231ff008f8ae63f6d04693e1d585b93f25d6bf65081f594ff00857e77c49462b1786a705a5ff547db64351ca8d69c9ff566694b691ff68ed5ed2601ad682d63da09191dc0aab7161fe9a597b3e7f5ab8e9e4a6d3f7abee9419f22e573e7ff008b5f057c53e30f1edaeeb5d36c7c3f0eacd7df6a5bc69a6923dae04622f2d76b9dc0e7710391cf15de687a159f84ac56186011aae327a93f535dd7899d469707f7948c7e46b93d4a5f3d70dc572d0c152c3a7ecd79fde7556c654aed7b47b2b0d6b95bb1295c0cc9c7d4e00acfd4f4f5950e3951c2ff008fe34eb58c191d54746cf4ee47ff005eae496ffbbc77ae8b29239af66733fd8db25cfaf5e2b2be20596cf06deaa81d173edf3035d8cb63bbb62a1b9d221bbb668a58566490608700a91f4ae3c5619d4a5282ea9afbce9c35754ea467d9a67879d38ec9576e3f768e703a1c7ff5ab95f06df359fed6de138d63dcb240bb987f08331e7f435f4249f0ef4bbb738b18e3661b498c94e3f034787fe0de8fa078c2df54b7b6dd7caaa9e7392c55431202e7a724f4f5af95a791d6a2a72934d72cbbf667d254cea9d5e5824d3e68fe68a7f1b6dffb574c581b38b8bf881fa6481fd2bc4fe2be80742bc8c2fcb81e62f1ec3fa8af6ef8951efb8b501be48afeddf07febb28feb5c7fed2be1e5b1d3b4fbc403e598c2e3ea091fc8fe75e6e4f4dcb299545bc277fc17f99ea6366a39a429cb69c2df8b31ed04371790cab9db3c424521ba82011fceb5fc3fa2bfda72bbb72371c7bd735f03745bbf1540abf7a2b026dc9edf29207e8057b668de114b29cfcbc673d2bf4fc2fbe949753f35c55e13707ba656f0ee832061d7e6393c57a6fc3af0bcb7faa431af96189eadd056668ba32aeddabed5dff802cfecfa9a15dca7b115ead3a679b39743d220d35bfb01636c48d1286de0fdeda41cf4f6ac0f1a594f0bed8e26cb3649dca4e073c0cd767a2c125ed9cd0b63e646033d7906b9ff001bcb3798194ed5c03903ae6b6942e617381f1b5826ad651dcf97e5dc0e25201c49fed63b1f5c75fae73e6b7da7f9378cbc0ddd335ee575a6adce8cc3fd9af38f13693e5dd2b633cd44a9e9a1ac247256b21b588db347b9a4991d5b3d31c9ff003ef5a00a8986efbb22953ee47ff5b3562f3488ee2588c91c727391b941c7e754eef4f8d136aa8565395dbc60f5ed5c55a9d8e9a72b331447f64ba75e3e538ebd6ad24ff353758b6092c722b36241ce589cd411bb03f78e6b33534165561db6d3c72b8154e376070adf98a9918eef9b1f854bb9a0483c8901fe16e1abcb7f6a19041e00be463c3ac6a3e858e3f957aaecf317dabc77f6b394c7e0c9133cf996e00ff819af1f3aff00757f23d4c9d5f148f9bf5d1e75edbc61b7199c30cf40339fea2b96f19442f259e3f9977363239c1e3faa9ae8f532d26ad0f18552c3affba45737abdc44d732099bcb6dc5b711c306248fe78af95c326a49a3eb6a4958fe86d864f6aa710c6a4df4a28afd60fca4a3247b8b7d6a192168d7a7d28a2a4a83d4f1bfda7f5c5b1bfd2d2475586d6196e2624f0a0e393f40a6be63ff00827cf8af50f17f8e7c6de20d2e16925d526fb21b8d876c637f9b2056e8704a038eeb4515f1d81a6aa66f5e72dd592fbac7d5e2aa3a79551847677bfdf73ec6f0ff008126936cb7d299243c904d75567a5c36298503d38a28afaf8c523e5652772d145db59baf5be6dd1bafcdfd28a29545745532af84ae8da6ab2aaa976743b50773fd3af5ff00f55767652369ee19db7cac3e67c703d87a0a28a51d824ba9e79f123fd2bc537127660bff00a08ae475cb5ff8955d1ffa66ff00fa09a28ae3c44538497933b30eda947d51f1afc7f61732782d02fcade28b5038e80d7db3a9cca2690f1f78d1457c97067fb9cbd4fabe2eff007a8af2ff002392f10788e3b625432b37a0ae66e66935139dbd4d1457d44f73e6a3dc34fd24ade2cccbfeacab74f439ae2ff6af99756b1f065bae49baf1969e800ee0b3e68a2be2b8817fc2861579fea8fadc8dbfa9e21f97e87757361b65ddb7be48acbd5ae96db9cfddfe74515f6b6d0f904efb987e2ad43cdb38c2f1871dfd8d62cd13489bbe6e3927145159357d4defd07e9ba63a2b6e1f33312df5abeb638fbdcd145118a444a4c70d3778fbb9fc29afa2ee1d3145154f52399a1bfd9be52d46d1f97739e381c5145672a69a699a7b471b3479bfc4dbf1158dfcdbb77d9f64b8f4db22b7f9fa574d77e13b6f15b4ab7d6f0dd5bee0424a81973ebcd1457c6704453c3558bdaffa1f5bc61271af4a4b7b3fccd4d0bc3561e1bb4fb3d8dac36b0ee2db635da092724fb93ea6b48da832a9f6c51457e8746295a28f84a9abbb3a0d0ad7701c5775e0bb2ff898c78e28a2bb227248f54d12d9a2994aff009e2b17c4ba5f99609c745033f4a28ad8cccfd36cc4d62cb8ec45707e30d336337fb268a2a65b0d1cdc9070bfecd645ec39707d09e28a2b0a915637a7a99d77019ec644fe28db23f9d64ae55ff414515c763a512a4a403c739a952e08fa51453e52eed134779b3f87fa570ffb487c3cbcf891e048ff00b2e38fedd0ccacc8efb04c8b9e3383c8268a2b971387a7561c935a336a35e74a4aa41ea7cbbae7c24f15596a4aeda4cac2304158e68db2718eec0f6ae6757f08ebd623f79a4ea31edfbb8b46936827a0201a28af21e53422f4b9ec7f6b57beb63fffd9, 2, 2, 2);

-- --------------------------------------------------------

--
-- Estructura de tabla para la tabla `productos_disponibles`
--

CREATE TABLE `productos_disponibles` (
  `idPRODUCTOS_DISPONIBLES` int(11) NOT NULL,
  `PRODUCTO_idPRODUCTO` int(11) NOT NULL
) ENGINE=InnoDB DEFAULT CHARSET=utf8mb4 COLLATE=utf8mb4_general_ci;

--
-- Volcado de datos para la tabla `productos_disponibles`
--

INSERT INTO `productos_disponibles` (`idPRODUCTOS_DISPONIBLES`, `PRODUCTO_idPRODUCTO`) VALUES
(1, 1),
(2, 2);

-- --------------------------------------------------------

--
-- Estructura de tabla para la tabla `proveedor`
--

CREATE TABLE `proveedor` (
  `idProveedor` int(11) NOT NULL,
  `Representante_legal` varchar(100) DEFAULT NULL,
  `RUC` varchar(15) DEFAULT NULL,
  `Telefono` varchar(9) DEFAULT NULL,
  `Correo` varchar(200) DEFAULT NULL,
  `Direccion` varchar(100) DEFAULT NULL,
  `EMPRESA_idEmpresa` int(11) NOT NULL
) ENGINE=InnoDB DEFAULT CHARSET=utf8mb4 COLLATE=utf8mb4_general_ci;

--
-- Volcado de datos para la tabla `proveedor`
--

INSERT INTO `proveedor` (`idProveedor`, `Representante_legal`, `RUC`, `Telefono`, `Correo`, `Direccion`, `EMPRESA_idEmpresa`) VALUES
(1, 'Jhan', '20164121611', '954781238', 'jhanramos@gmail.com', 'Calle 12 entre 51 y 53.', 1),
(2, 'Raúl', '20353745400', '945122963', 'raulcondori@gmai.com', 'Abdullah Jassim Bin cerca de la Corniche.', 2);

-- --------------------------------------------------------

--
-- Estructura de tabla para la tabla `servicio_entrega`
--

CREATE TABLE `servicio_entrega` (
  `idSERVICIO_ENTREGA` int(11) NOT NULL,
  `Fecha_entrega` date DEFAULT NULL,
  `Direccion` varchar(200) DEFAULT NULL,
  `CLIENTE_idCLIENTE` int(11) NOT NULL,
  `ESTADO_idESTADO` int(11) NOT NULL
) ENGINE=InnoDB DEFAULT CHARSET=utf8mb4 COLLATE=utf8mb4_general_ci;

--
-- Volcado de datos para la tabla `servicio_entrega`
--

INSERT INTO `servicio_entrega` (`idSERVICIO_ENTREGA`, `Fecha_entrega`, `Direccion`, `CLIENTE_idCLIENTE`, `ESTADO_idESTADO`) VALUES
(1, '2023-11-30', 'Av.Especiales', 1, 5),
(2, '2023-12-06', 'Por ejemplo', 2, 7);

-- --------------------------------------------------------

--
-- Estructura de tabla para la tabla `usuarios`
--

CREATE TABLE `usuarios` (
  `id` int(10) NOT NULL,
  `email` varchar(200) NOT NULL,
  `password` varchar(200) NOT NULL,
  `nivel` varchar(200) NOT NULL
) ENGINE=InnoDB DEFAULT CHARSET=utf8mb4 COLLATE=utf8mb4_general_ci;

--
-- Volcado de datos para la tabla `usuarios`
--

INSERT INTO `usuarios` (`id`, `email`, `password`, `nivel`) VALUES
(1, 'nick.mayta@upeu.edu.pe', 'patito123', 'Trabajador'),
(2, 'david.romero@upeu.edu.pe', 'patito123', 'Gerente'),
(3, 'henyelrey.garcia@upeu.edu.pe', 'patito123', 'Cliente');

-- --------------------------------------------------------

--
-- Estructura de tabla para la tabla `venta`
--

CREATE TABLE `venta` (
  `idVENTA` int(11) NOT NULL,
  `Fecha_venta` date DEFAULT NULL,
  `Metodo_pago` varchar(50) DEFAULT NULL,
  `CLIENTE_idCLIENTE` int(11) NOT NULL
) ENGINE=InnoDB DEFAULT CHARSET=utf8mb4 COLLATE=utf8mb4_general_ci;

--
-- Volcado de datos para la tabla `venta`
--

INSERT INTO `venta` (`idVENTA`, `Fecha_venta`, `Metodo_pago`, `CLIENTE_idCLIENTE`) VALUES
(1, '2023-11-22', 'Tarjeta', 1),
(2, '2023-11-23', 'Tarjeta', 2);

--
-- Índices para tablas volcadas
--

--
-- Indices de la tabla `almacen`
--
ALTER TABLE `almacen`
  ADD PRIMARY KEY (`idALMACEN`);

--
-- Indices de la tabla `categoria_producto`
--
ALTER TABLE `categoria_producto`
  ADD PRIMARY KEY (`idCATEGORIA_PRODUCTO`);

--
-- Indices de la tabla `cliente`
--
ALTER TABLE `cliente`
  ADD PRIMARY KEY (`idCLIENTE`);

--
-- Indices de la tabla `comprobante_pago`
--
ALTER TABLE `comprobante_pago`
  ADD PRIMARY KEY (`idCOMPROBANTE_PAGO`);

--
-- Indices de la tabla `contrato`
--
ALTER TABLE `contrato`
  ADD PRIMARY KEY (`idCONTRATO`);

--
-- Indices de la tabla `detalle_venta`
--
ALTER TABLE `detalle_venta`
  ADD PRIMARY KEY (`id_DETALLE_VENTA`);

--
-- Indices de la tabla `empleado`
--
ALTER TABLE `empleado`
  ADD PRIMARY KEY (`idEMPLEADO`);

--
-- Indices de la tabla `empresa`
--
ALTER TABLE `empresa`
  ADD PRIMARY KEY (`idEmpresa`);

--
-- Indices de la tabla `estado`
--
ALTER TABLE `estado`
  ADD PRIMARY KEY (`idESTADO`);

--
-- Indices de la tabla `inventario`
--
ALTER TABLE `inventario`
  ADD PRIMARY KEY (`idINVENTARIO`);

--
-- Indices de la tabla `inventario_detalle`
--
ALTER TABLE `inventario_detalle`
  ADD PRIMARY KEY (`idINVENTARIO_DETALLE`);

--
-- Indices de la tabla `montaje`
--
ALTER TABLE `montaje`
  ADD PRIMARY KEY (`idMONTAJE`);

--
-- Indices de la tabla `pedido`
--
ALTER TABLE `pedido`
  ADD PRIMARY KEY (`idPEDIDO`);

--
-- Indices de la tabla `pedido_personalizado`
--
ALTER TABLE `pedido_personalizado`
  ADD PRIMARY KEY (`idPEDIDO_PERSONALIZADO`);

--
-- Indices de la tabla `post-venta`
--
ALTER TABLE `post-venta`
  ADD PRIMARY KEY (`idPOST-VENTA`);

--
-- Indices de la tabla `producto`
--
ALTER TABLE `producto`
  ADD PRIMARY KEY (`idPRODUCTO`);

--
-- Indices de la tabla `productos_disponibles`
--
ALTER TABLE `productos_disponibles`
  ADD PRIMARY KEY (`idPRODUCTOS_DISPONIBLES`);

--
-- Indices de la tabla `proveedor`
--
ALTER TABLE `proveedor`
  ADD PRIMARY KEY (`idProveedor`,`EMPRESA_idEmpresa`);

--
-- Indices de la tabla `servicio_entrega`
--
ALTER TABLE `servicio_entrega`
  ADD PRIMARY KEY (`idSERVICIO_ENTREGA`);

--
-- Indices de la tabla `usuarios`
--
ALTER TABLE `usuarios`
  ADD PRIMARY KEY (`id`);

--
-- Indices de la tabla `venta`
--
ALTER TABLE `venta`
  ADD PRIMARY KEY (`idVENTA`);

--
-- AUTO_INCREMENT de las tablas volcadas
--

--
-- AUTO_INCREMENT de la tabla `almacen`
--
ALTER TABLE `almacen`
  MODIFY `idALMACEN` int(11) NOT NULL AUTO_INCREMENT, AUTO_INCREMENT=4;

--
-- AUTO_INCREMENT de la tabla `categoria_producto`
--
ALTER TABLE `categoria_producto`
  MODIFY `idCATEGORIA_PRODUCTO` int(11) NOT NULL AUTO_INCREMENT, AUTO_INCREMENT=6;

--
-- AUTO_INCREMENT de la tabla `cliente`
--
ALTER TABLE `cliente`
  MODIFY `idCLIENTE` int(11) NOT NULL AUTO_INCREMENT, AUTO_INCREMENT=3;

--
-- AUTO_INCREMENT de la tabla `comprobante_pago`
--
ALTER TABLE `comprobante_pago`
  MODIFY `idCOMPROBANTE_PAGO` int(11) NOT NULL AUTO_INCREMENT, AUTO_INCREMENT=3;

--
-- AUTO_INCREMENT de la tabla `contrato`
--
ALTER TABLE `contrato`
  MODIFY `idCONTRATO` int(11) NOT NULL AUTO_INCREMENT, AUTO_INCREMENT=3;

--
-- AUTO_INCREMENT de la tabla `detalle_venta`
--
ALTER TABLE `detalle_venta`
  MODIFY `id_DETALLE_VENTA` int(11) NOT NULL AUTO_INCREMENT, AUTO_INCREMENT=3;

--
-- AUTO_INCREMENT de la tabla `empleado`
--
ALTER TABLE `empleado`
  MODIFY `idEMPLEADO` int(11) NOT NULL AUTO_INCREMENT, AUTO_INCREMENT=3;

--
-- AUTO_INCREMENT de la tabla `empresa`
--
ALTER TABLE `empresa`
  MODIFY `idEmpresa` int(11) NOT NULL AUTO_INCREMENT, AUTO_INCREMENT=3;

--
-- AUTO_INCREMENT de la tabla `estado`
--
ALTER TABLE `estado`
  MODIFY `idESTADO` int(11) NOT NULL AUTO_INCREMENT, AUTO_INCREMENT=8;

--
-- AUTO_INCREMENT de la tabla `inventario`
--
ALTER TABLE `inventario`
  MODIFY `idINVENTARIO` int(11) NOT NULL AUTO_INCREMENT, AUTO_INCREMENT=4;

--
-- AUTO_INCREMENT de la tabla `inventario_detalle`
--
ALTER TABLE `inventario_detalle`
  MODIFY `idINVENTARIO_DETALLE` int(11) NOT NULL AUTO_INCREMENT, AUTO_INCREMENT=4;

--
-- AUTO_INCREMENT de la tabla `montaje`
--
ALTER TABLE `montaje`
  MODIFY `idMONTAJE` int(11) NOT NULL AUTO_INCREMENT, AUTO_INCREMENT=3;

--
-- AUTO_INCREMENT de la tabla `pedido`
--
ALTER TABLE `pedido`
  MODIFY `idPEDIDO` int(11) NOT NULL AUTO_INCREMENT, AUTO_INCREMENT=4;

--
-- AUTO_INCREMENT de la tabla `pedido_personalizado`
--
ALTER TABLE `pedido_personalizado`
  MODIFY `idPEDIDO_PERSONALIZADO` int(11) NOT NULL AUTO_INCREMENT, AUTO_INCREMENT=3;

--
-- AUTO_INCREMENT de la tabla `post-venta`
--
ALTER TABLE `post-venta`
  MODIFY `idPOST-VENTA` int(11) NOT NULL AUTO_INCREMENT, AUTO_INCREMENT=3;

--
-- AUTO_INCREMENT de la tabla `producto`
--
ALTER TABLE `producto`
  MODIFY `idPRODUCTO` int(11) NOT NULL AUTO_INCREMENT, AUTO_INCREMENT=3;

--
-- AUTO_INCREMENT de la tabla `productos_disponibles`
--
ALTER TABLE `productos_disponibles`
  MODIFY `idPRODUCTOS_DISPONIBLES` int(11) NOT NULL AUTO_INCREMENT, AUTO_INCREMENT=3;

--
-- AUTO_INCREMENT de la tabla `proveedor`
--
ALTER TABLE `proveedor`
  MODIFY `idProveedor` int(11) NOT NULL AUTO_INCREMENT, AUTO_INCREMENT=3;

--
-- AUTO_INCREMENT de la tabla `servicio_entrega`
--
ALTER TABLE `servicio_entrega`
  MODIFY `idSERVICIO_ENTREGA` int(11) NOT NULL AUTO_INCREMENT, AUTO_INCREMENT=3;

--
-- AUTO_INCREMENT de la tabla `usuarios`
--
ALTER TABLE `usuarios`
  MODIFY `id` int(10) NOT NULL AUTO_INCREMENT, AUTO_INCREMENT=4;

--
-- AUTO_INCREMENT de la tabla `venta`
--
ALTER TABLE `venta`
  MODIFY `idVENTA` int(11) NOT NULL AUTO_INCREMENT, AUTO_INCREMENT=3;
COMMIT;

/*!40101 SET CHARACTER_SET_CLIENT=@OLD_CHARACTER_SET_CLIENT */;
/*!40101 SET CHARACTER_SET_RESULTS=@OLD_CHARACTER_SET_RESULTS */;
/*!40101 SET COLLATION_CONNECTION=@OLD_COLLATION_CONNECTION */;
